-- product_supplier
INSERT INTO public.product_supplier (id, creation_date, last_modified_date, code_supplier, name) VALUES (10000, '2023-01-01 14:56:37.059000 +00:00', null, 'LGF', 'LF');
INSERT INTO public.product_supplier (id, creation_date, last_modified_date, code_supplier, name) VALUES (10001, '2023-01-01 14:56:37.059000 +00:00', null, 'SE52728', '주식회사 룩캐스트');
INSERT INTO public.product_supplier (id, creation_date, last_modified_date, code_supplier, name) VALUES (10002, '2023-01-01 14:56:37.059000 +00:00', null, 'SE39825', '주식회사 씨티닷츠');
INSERT INTO public.product_supplier (id, creation_date, last_modified_date, code_supplier, name) VALUES (10003, '2023-01-01 14:56:37.059000 +00:00', null, 'SE18735', '(주) 진도');
INSERT INTO public.product_supplier (id, creation_date, last_modified_date, code_supplier, name) VALUES (10004, '2023-01-01 14:56:37.059000 +00:00', null, 'SE54288', '(주)본어패럴');
INSERT INTO public.product_supplier (id, creation_date, last_modified_date, code_supplier, name) VALUES (10005, '2023-01-01 14:56:37.059000 +00:00', null, 'SE14596', '주식회사 디에스패션컴퍼니');
INSERT INTO public.product_supplier (id, creation_date, last_modified_date, code_supplier, name) VALUES (10006, '2023-01-01 14:56:37.059000 +00:00', null, 'SE22065', '주식회사 세정글로벌');
INSERT INTO public.product_supplier (id, creation_date, last_modified_date, code_supplier, name) VALUES (10007, '2023-01-01 14:56:37.059000 +00:00', null, 'SE40185', '(주) 수인터내셔날');
INSERT INTO public.product_supplier (id, creation_date, last_modified_date, code_supplier, name) VALUES (10008, '2023-01-01 14:56:37.059000 +00:00', null, 'SE16427', '와드로브(누브)');
INSERT INTO public.product_supplier (id, creation_date, last_modified_date, code_supplier, name) VALUES (10009, '2023-01-01 14:56:37.059000 +00:00', null, 'SE39405', '(주)에이치와이제이컴퍼니(HYJ Company)');
INSERT INTO public.product_supplier (id, creation_date, last_modified_date, code_supplier, name) VALUES (10010, '2023-01-01 14:56:37.059000 +00:00', null, 'SE13395', '(주)인동에프엔');
INSERT INTO public.product_supplier (id, creation_date, last_modified_date, code_supplier, name) VALUES (10011, '2023-01-01 14:56:37.059000 +00:00', null, 'SE17655', '(주)씨제이이엔엠(LF)');
INSERT INTO public.product_supplier (id, creation_date, last_modified_date, code_supplier, name) VALUES (10012, '2023-01-01 14:56:37.059000 +00:00', null, 'SE13427', '주식회사 논로컬');
INSERT INTO public.product_supplier (id, creation_date, last_modified_date, code_supplier, name) VALUES (10013, '2023-01-01 14:56:37.059000 +00:00', null, 'SE69049', '아워호프(ourhope)');
INSERT INTO public.product_supplier (id, creation_date, last_modified_date, code_supplier, name) VALUES (10014, '2023-01-01 14:56:37.059000 +00:00', null, 'SE60311', '주식회사 브랜드업애드');
INSERT INTO public.product_supplier (id, creation_date, last_modified_date, code_supplier, name) VALUES (10015, '2023-01-01 14:56:37.059000 +00:00', null, 'SE16610', '㈜와이에스콜렉션');
INSERT INTO public.product_supplier (id, creation_date, last_modified_date, code_supplier, name) VALUES (10016, '2023-01-01 14:56:37.059000 +00:00', null, 'SE60312', '주식회사 지엔케이트레이딩');
INSERT INTO public.product_supplier (id, creation_date, last_modified_date, code_supplier, name) VALUES (10017, '2023-01-01 14:56:37.059000 +00:00', null, 'SE08775', '엘런아크');
INSERT INTO public.product_supplier (id, creation_date, last_modified_date, code_supplier, name) VALUES (10018, '2023-01-01 14:56:37.059000 +00:00', null, 'SE18765', '(주)신원(LF)');
INSERT INTO public.product_supplier (id, creation_date, last_modified_date, code_supplier, name) VALUES (10019, '2023-01-01 14:56:37.059000 +00:00', null, 'SE12018', '(주)미첼코리아');
INSERT INTO public.product_supplier (id, creation_date, last_modified_date, code_supplier, name) VALUES (10020, '2023-01-01 14:56:37.059000 +00:00', null, 'SE51555', '주식회사 꿀비');
INSERT INTO public.product_supplier (id, creation_date, last_modified_date, code_supplier, name) VALUES (10021, '2023-01-01 14:56:37.059000 +00:00', null, 'SE03443', '(주)팀씨에스피');
INSERT INTO public.product_supplier (id, creation_date, last_modified_date, code_supplier, name) VALUES (10022, '2023-01-01 14:56:37.059000 +00:00', null, 'SE00717', '와이에이치컴퍼니');
INSERT INTO public.product_supplier (id, creation_date, last_modified_date, code_supplier, name) VALUES (10023, '2023-01-01 14:56:37.059000 +00:00', null, 'SE43246', '주식회사 해송');
INSERT INTO public.product_supplier (id, creation_date, last_modified_date, code_supplier, name) VALUES (10024, '2023-01-01 14:56:37.059000 +00:00', null, 'SE00348', '파스텔세상');
INSERT INTO public.product_supplier (id, creation_date, last_modified_date, code_supplier, name) VALUES (10025, '2023-01-01 14:56:37.059000 +00:00', null, 'SE39562', '주식회사 올리반');
INSERT INTO public.product_supplier (id, creation_date, last_modified_date, code_supplier, name) VALUES (10026, '2023-01-01 14:56:37.059000 +00:00', null, 'SE13666', '(주)서양네트웍스');

-- product_category
INSERT INTO public.product_category (id, creation_date, last_modified_date, code_category, name) VALUES (10001, '2023-01-01 14:56:37.059000 +00:00', null, '점퍼/베스트', '1');
INSERT INTO public.product_category (id, creation_date, last_modified_date, code_category, name) VALUES (10002, '2023-01-01 14:56:37.059000 +00:00', null, '자켓/코트', '2');
INSERT INTO public.product_category (id, creation_date, last_modified_date, code_category, name) VALUES (10003, '2023-01-01 14:56:37.059000 +00:00', null, '니트/가디건', '3');
INSERT INTO public.product_category (id, creation_date, last_modified_date, code_category, name) VALUES (10004, '2023-01-01 14:56:37.059000 +00:00', null, '티셔츠/블라우스', '4');
INSERT INTO public.product_category (id, creation_date, last_modified_date, code_category, name) VALUES (10005, '2023-01-01 14:56:37.059000 +00:00', null, '원피스', '5');
INSERT INTO public.product_category (id, creation_date, last_modified_date, code_category, name) VALUES (10006, '2023-01-01 14:56:37.059000 +00:00', null, '팬츠', '6');
INSERT INTO public.product_category (id, creation_date, last_modified_date, code_category, name) VALUES (10007, '2023-01-01 14:56:37.059000 +00:00', null, '스커트', '7');
INSERT INTO public.product_category (id, creation_date, last_modified_date, code_category, name) VALUES (10008, '2023-01-01 14:56:37.059000 +00:00', null, '유니섹스', '8');
INSERT INTO public.product_category (id, creation_date, last_modified_date, code_category, name) VALUES (10009, '2023-01-01 14:56:37.059000 +00:00', null, '키즈', '9');

-- product_brand
INSERT INTO public.product_brand (id, creation_date, last_modified_date, code_brand, eng_name, group_id, name, id_product_supplier) VALUES (10000, '2023-01-01 14:56:37.059000 +00:00', null, 'B00O', 'STANDIAL', '15028', '스탠다이얼', 10000);
INSERT INTO public.product_brand (id, creation_date, last_modified_date, code_brand, eng_name, group_id, name, id_product_supplier) VALUES (10001, '2023-01-01 14:56:37.059000 +00:00', null, 'C00C', 'Barbour', '15764', '바버', 10000);
INSERT INTO public.product_brand (id, creation_date, last_modified_date, code_brand, eng_name, group_id, name, id_product_supplier) VALUES (10002, '2023-01-01 14:56:37.059000 +00:00', null, 'AE', 'A.T.CORNER', '1875', '앳코너', 10000);
INSERT INTO public.product_brand (id, creation_date, last_modified_date, code_brand, eng_name, group_id, name, id_product_supplier) VALUES (10003, '2023-01-01 14:56:37.059000 +00:00', null, 'DMB4', 'LOOKAST', '1808', '룩캐스트', 10001);
INSERT INTO public.product_brand (id, creation_date, last_modified_date, code_brand, eng_name, group_id, name, id_product_supplier) VALUES (10004, '2023-01-01 14:56:37.059000 +00:00', null, 'DL', 'DAKS LADIES', '1001', '닥스 여성', 10000);
INSERT INTO public.product_brand (id, creation_date, last_modified_date, code_brand, eng_name, group_id, name, id_product_supplier) VALUES (10005, '2023-01-01 14:56:37.059000 +00:00', null, 'HS', 'HAZZYS LADIES', '1002', '헤지스 여성', 10000);
INSERT INTO public.product_brand (id, creation_date, last_modified_date, code_brand, eng_name, group_id, name, id_product_supplier) VALUES (10006, '2023-01-01 14:56:37.059000 +00:00', null, 'D5OH', 'DUNST', '6276', '던스트', 10002);
INSERT INTO public.product_brand (id, creation_date, last_modified_date, code_brand, eng_name, group_id, name, id_product_supplier) VALUES (10007, '2023-01-01 14:56:37.059000 +00:00', null, 'C004', 'ATHE VANESSABRUNO WOMEN', '1009', '아떼 바네사브루노 여성', 10000);
INSERT INTO public.product_brand (id, creation_date, last_modified_date, code_brand, eng_name, group_id, name, id_product_supplier) VALUES (10008, '2023-01-01 14:56:37.059000 +00:00', null, 'BASH', 'BA&SH', '14320', '바쉬', 10000);
INSERT INTO public.product_brand (id, creation_date, last_modified_date, code_brand, eng_name, group_id, name, id_product_supplier) VALUES (10009, '2023-01-01 14:56:37.059000 +00:00', null, 'CU15', 'JINDO', '10968', '진도모피', 10003);
INSERT INTO public.product_brand (id, creation_date, last_modified_date, code_brand, eng_name, group_id, name, id_product_supplier) VALUES (10010, '2023-01-01 14:56:37.059000 +00:00', null, 'DOBI', 'STEP AROUND', '16579', '스텝어라운드', 10004);
INSERT INTO public.product_brand (id, creation_date, last_modified_date, code_brand, eng_name, group_id, name, id_product_supplier) VALUES (10011, '2023-01-01 14:56:37.059000 +00:00', null, 'D1SL', 'BNX', '14701', '비엔엑스', 10005);
INSERT INTO public.product_brand (id, creation_date, last_modified_date, code_brand, eng_name, group_id, name, id_product_supplier) VALUES (10012, '2023-01-01 14:56:37.059000 +00:00', null, 'D1C0', 'Olivia Lauren', '12805', '올리비아로렌', 10006);
INSERT INTO public.product_brand (id, creation_date, last_modified_date, code_brand, eng_name, group_id, name, id_product_supplier) VALUES (10013, '2023-01-01 14:56:37.059000 +00:00', null, 'JS', 'JILLSTUART NEW YORK WOMEN', '1017', '질스튜어트 뉴욕 여성', 10000);
INSERT INTO public.product_brand (id, creation_date, last_modified_date, code_brand, eng_name, group_id, name, id_product_supplier) VALUES (10014, '2023-01-01 14:56:37.059000 +00:00', null, 'D5V9', 'untold_label', '14876', '언톨드레이블', 10007);
INSERT INTO public.product_brand (id, creation_date, last_modified_date, code_brand, eng_name, group_id, name, id_product_supplier) VALUES (10015, '2023-01-01 14:56:37.059000 +00:00', null, 'D07S', 'Nouve', '14037', '누브', 10008);
INSERT INTO public.product_brand (id, creation_date, last_modified_date, code_brand, eng_name, group_id, name, id_product_supplier) VALUES (10016, '2023-01-01 14:56:37.059000 +00:00', null, 'D5NM', 'manuelle et guillaume', '14878', '마누엘에기욤', 10009);
INSERT INTO public.product_brand (id, creation_date, last_modified_date, code_brand, eng_name, group_id, name, id_product_supplier) VALUES (10017, '2023-01-01 14:56:37.059000 +00:00', null, 'Q823', 'SHESMISS', '1285', '쉬즈미스', 10010);
INSERT INTO public.product_brand (id, creation_date, last_modified_date, code_brand, eng_name, group_id, name, id_product_supplier) VALUES (10018, '2023-01-01 14:56:37.059000 +00:00', null, 'DVS1', 'The AtG', '12061', '더엣지', 10011);
INSERT INTO public.product_brand (id, creation_date, last_modified_date, code_brand, eng_name, group_id, name, id_product_supplier) VALUES (10019, '2023-01-01 14:56:37.059000 +00:00', null, 'S401', 'NONLOCAL', '3117', '논로컬', 10012);
INSERT INTO public.product_brand (id, creation_date, last_modified_date, code_brand, eng_name, group_id, name, id_product_supplier) VALUES (10020, '2023-01-01 14:56:37.059000 +00:00', null, 'D1SO', 'g.studio', '14692', '지스튜디오', 10011);
INSERT INTO public.product_brand (id, creation_date, last_modified_date, code_brand, eng_name, group_id, name, id_product_supplier) VALUES (10021, '2023-01-01 14:56:37.059000 +00:00', null, 'E3P2', 'OURHOPE', '17902', '아워호프', 10013);
INSERT INTO public.product_brand (id, creation_date, last_modified_date, code_brand, eng_name, group_id, name, id_product_supplier) VALUES (10022, '2023-01-01 14:56:37.059000 +00:00', null, 'D1SQ', 'CERRUTI 1881', '14698', '세루티1881', 10011);
INSERT INTO public.product_brand (id, creation_date, last_modified_date, code_brand, eng_name, group_id, name, id_product_supplier) VALUES (10023, '2023-01-01 14:56:37.059000 +00:00', null, 'DVF6', 'LACOSTE', '1113', '라코스테', 10014);
INSERT INTO public.product_brand (id, creation_date, last_modified_date, code_brand, eng_name, group_id, name, id_product_supplier) VALUES (10024, '2023-01-01 14:56:37.059000 +00:00', null, 'DVVB', 'SOUP', '17078', '숲', 10005);
INSERT INTO public.product_brand (id, creation_date, last_modified_date, code_brand, eng_name, group_id, name, id_product_supplier) VALUES (10025, '2023-01-01 14:56:37.059000 +00:00', null, 'BO11', 'SATIN', '1255', '샤틴', 10015);
INSERT INTO public.product_brand (id, creation_date, last_modified_date, code_brand, eng_name, group_id, name, id_product_supplier) VALUES (10026, '2023-01-01 14:56:37.059000 +00:00', null, 'DVL5', 'ZEROSTREET', '13565', '제로스트릿', 10016);
INSERT INTO public.product_brand (id, creation_date, last_modified_date, code_brand, eng_name, group_id, name, id_product_supplier) VALUES (10027, '2023-01-01 14:56:37.059000 +00:00', null, 'BS74', 'CELEBSHOP EDITION', '12060', '셀렙샵에디션', 10011);
INSERT INTO public.product_brand (id, creation_date, last_modified_date, code_brand, eng_name, group_id, name, id_product_supplier) VALUES (10028, '2023-01-01 14:56:37.059000 +00:00', null, 'J952', 'ELLONARC', '6787', '엘런아크', 10017);
INSERT INTO public.product_brand (id, creation_date, last_modified_date, code_brand, eng_name, group_id, name, id_product_supplier) VALUES (10029, '2023-01-01 14:56:37.059000 +00:00', null, 'CU32', 'ISABEY', '1424', '이사베이', 10018);
INSERT INTO public.product_brand (id, creation_date, last_modified_date, code_brand, eng_name, group_id, name, id_product_supplier) VALUES (10030, '2023-01-01 14:56:37.059000 +00:00', null, 'M988', 'AMBLER', '7867', '엠블러', 10019);
INSERT INTO public.product_brand (id, creation_date, last_modified_date, code_brand, eng_name, group_id, name, id_product_supplier) VALUES (10031, '2023-01-01 14:56:37.059000 +00:00', null, 'DI8E', 'GENERAL IDEA', '13067', '제너럴 아이디어', 10020);
INSERT INTO public.product_brand (id, creation_date, last_modified_date, code_brand, eng_name, group_id, name, id_product_supplier) VALUES (10032, '2023-01-01 14:56:37.059000 +00:00', null, 'H130', 'YAN13', '5403', '얀13', 10021);
INSERT INTO public.product_brand (id, creation_date, last_modified_date, code_brand, eng_name, group_id, name, id_product_supplier) VALUES (10033, '2023-01-01 14:56:37.059000 +00:00', null, 'BQ74', 'Fluke', '12027', '플루크', 10022);
INSERT INTO public.product_brand (id, creation_date, last_modified_date, code_brand, eng_name, group_id, name, id_product_supplier) VALUES (10034, '2023-01-01 14:56:37.059000 +00:00', null, 'D78O', 'BEBEZOO', '15336', '베베쥬', 10023);
INSERT INTO public.product_brand (id, creation_date, last_modified_date, code_brand, eng_name, group_id, name, id_product_supplier) VALUES (10035, '2023-01-01 14:56:37.059000 +00:00', null, 'A435', 'HAZZYS KIDS', '1002', '헤지스 키즈', 10024);
INSERT INTO public.product_brand (id, creation_date, last_modified_date, code_brand, eng_name, group_id, name, id_product_supplier) VALUES (10036, '2023-01-01 14:56:37.059000 +00:00', null, 'A433', 'DAKS KIDS', '1001', '닥스 키즈', 10024);
INSERT INTO public.product_brand (id, creation_date, last_modified_date, code_brand, eng_name, group_id, name, id_product_supplier) VALUES (10037, '2023-01-01 14:56:37.059000 +00:00', null, 'D6A5', 'OWLEYBARN', '15174', '올리반', 10025);
INSERT INTO public.product_brand (id, creation_date, last_modified_date, code_brand, eng_name, group_id, name, id_product_supplier) VALUES (10038, '2023-01-01 14:56:37.059000 +00:00', null, 'D1C9', 'LAUGHINGCHILD', '14502', '래핑차일드', 10026);

-- product
INSERT INTO public.product (id, creation_date, last_modified_date, code_product, discount_rate, image_url, name, sale_price, sale_type, status_type, unit_price, id_product_brand, id_product_category) VALUES (10095, '2023-01-01 17:00:10.755000 +00:00', null, 'EPPA3E005B3', 14, 'https://nimg.lfmall.co.kr/file/product/prd/B00O/2023/320/EPPA3E005B3_00.jpg', 'Raw Straight Fit Denim Pants_INDIGO', 93190, '4', '1', 109000, 10000, 10006);
INSERT INTO public.product (id, creation_date, last_modified_date, code_product, discount_rate, image_url, name, sale_price, sale_type, status_type, unit_price, id_product_brand, id_product_category) VALUES (10130, '2023-01-01 17:00:10.755000 +00:00', null, 'A433XX08406', 46, 'https://nimg.lfmall.co.kr/file/product/prd/A433/XXXX/320/A433XX08406_00.jpg', '닥스키즈 하우스체크 클래식 원피스', 144070, '4', '3', 269000, 10036, 10009);
INSERT INTO public.product (id, creation_date, last_modified_date, code_product, discount_rate, image_url, name, sale_price, sale_type, status_type, unit_price, id_product_brand, id_product_category) VALUES (10028, '2023-01-01 17:00:10.755000 +00:00', null, 'EPJA3E002IV', 14, 'https://nimg.lfmall.co.kr/file/product/prd/B00O/2023/320/EPJA3E002IV_00.jpg', 'Crop Tweed Jacket_IVORY', 195790, '4', '1', 229000, 10000, 10002);
INSERT INTO public.product (id, creation_date, last_modified_date, code_product, discount_rate, image_url, name, sale_price, sale_type, status_type, unit_price, id_product_brand, id_product_category) VALUES (10057, '2023-01-01 17:00:10.755000 +00:00', null, 'Q823XX08876', 82, 'https://nimg.lfmall.co.kr/file/product/prd/Q823/2021/320/Q823XX08876_00.jpg', '하이넥 라글란 니트_SSKPOL42570', 19000, '4', '3', 110000, 10017, 10002);
INSERT INTO public.product (id, creation_date, last_modified_date, code_product, discount_rate, image_url, name, sale_price, sale_type, status_type, unit_price, id_product_brand, id_product_category) VALUES (10077, '2023-01-01 17:00:10.755000 +00:00', null, 'DLTS2DP82N2', 5, 'https://nimg.lfmall.co.kr/file/product/prd/DL/2022/320/DLTS2DP82N2_00.jpg', '네이비 플리츠 긴팔티셔츠', 223250, '4', '1', 235000, 10004, 10004);
INSERT INTO public.product (id, creation_date, last_modified_date, code_product, discount_rate, image_url, name, sale_price, sale_type, status_type, unit_price, id_product_brand, id_product_category) VALUES (10000, '2023-01-01 17:00:10.755000 +00:00', null, 'EPJA3E001BK', 14, 'https://nimg.lfmall.co.kr/file/product/prd/2023/320/EPJA3E001BK_00.jpg', 'Color Line Varsity Jacket_BLACK', 135940, '4', '1', 159000, 10000, 10001);
INSERT INTO public.product (id, creation_date, last_modified_date, code_product, discount_rate, image_url, name, sale_price, sale_type, status_type, unit_price, id_product_brand, id_product_category) VALUES (10106, '2023-01-01 17:00:10.755000 +00:00', null, 'HSSK3A151I2', 5, 'https://nimg.lfmall.co.kr/file/product/prd/HS/2023/320/HSSK3A151I2_00.jpg?1674740165000', '베이지 나일론 턱장식 플레어 스커트', 246050, '4', '1', 259000, 10005, 10007);
INSERT INTO public.product (id, creation_date, last_modified_date, code_product, discount_rate, image_url, name, sale_price, sale_type, status_type, unit_price, id_product_brand, id_product_category) VALUES (10005, '2023-01-01 17:00:10.755000 +00:00', null, 'URJA3E315N2', 10, 'https://nimg.lfmall.co.kr/file/product/prd/C00C/2023/320/URJA3E315N2_00.jpg', '여성 네이비 Summer Liddesdale 퀼팅 자켓', 259200, '4', '1', 288000, 10001, 10001);
INSERT INTO public.product (id, creation_date, last_modified_date, code_product, discount_rate, image_url, name, sale_price, sale_type, status_type, unit_price, id_product_brand, id_product_category) VALUES (10135, '2023-01-01 17:00:10.755000 +00:00', null, 'D6A5XX01448', 82, 'https://nimg.lfmall.co.kr/file/product/prd/D6A5/2022/320/D6A5XX01448_00.jpg', '퓨어레이스원피스(화이트)', 24720, '4', '3', 144900, 10037, 10009);
INSERT INTO public.product (id, creation_date, last_modified_date, code_product, discount_rate, image_url, name, sale_price, sale_type, status_type, unit_price, id_product_brand, id_product_category) VALUES (10001, '2023-01-01 17:00:10.755000 +00:00', null, 'URJA3E315CR', 10, 'https://nimg.lfmall.co.kr/file/product/prd/C00C/2023/320/URJA3E315CR_00.jpg', '여성 크림 Summer Liddesdale 퀼팅 자켓', 259200, '4', '1', 288000, 10001, 10001);
INSERT INTO public.product (id, creation_date, last_modified_date, code_product, discount_rate, image_url, name, sale_price, sale_type, status_type, unit_price, id_product_brand, id_product_category) VALUES (10075, '2023-01-01 17:00:10.755000 +00:00', null, 'D1SOXX00031', 43, 'https://nimg.lfmall.co.kr/file/product/prd/D1SO/2022/320/D1SOXX00031_00.jpg', '지스튜디오 22FW 레이어드 니트 블라우스', 44910, '4', '3', 79900, 10020, 10004);
INSERT INTO public.product (id, creation_date, last_modified_date, code_product, discount_rate, image_url, name, sale_price, sale_type, status_type, unit_price, id_product_brand, id_product_category) VALUES (10004, '2023-01-01 17:00:10.755000 +00:00', null, 'DLJU2DP83I2', 9, 'https://nimg.lfmall.co.kr/file/product/prd/DL/2022/320/DLJU2DP83I2_00.jpg', '베이지 플리츠배색 후드캐주얼점퍼', 356490, '4', '1', 395000, 10004, 10001);
INSERT INTO public.product (id, creation_date, last_modified_date, code_product, discount_rate, image_url, name, sale_price, sale_type, status_type, unit_price, id_product_brand, id_product_category) VALUES (10020, '2023-01-01 17:00:10.755000 +00:00', null, 'DLSW2DV81B5', 9, 'https://nimg.lfmall.co.kr/file/product/prd/DL/2022/320/DLSW2DV81B5_00.jpg', '블루 단색 울캐시미어혼방 니트베스트', 266240, '4', '1', 295000, 10004, 10001);
INSERT INTO public.product (id, creation_date, last_modified_date, code_product, discount_rate, image_url, name, sale_price, sale_type, status_type, unit_price, id_product_brand, id_product_category) VALUES (10066, '2023-01-01 17:00:10.755000 +00:00', null, 'EPSW3A005G2', 16, 'https://nimg.lfmall.co.kr/file/product/prd/B00O/2023/320/EPSW3A005G2_00.jpg', 'Slit Detail Sweater_Grey', 91230, '4', '1', 109000, 10000, 10003);
INSERT INTO public.product (id, creation_date, last_modified_date, code_product, discount_rate, image_url, name, sale_price, sale_type, status_type, unit_price, id_product_brand, id_product_category) VALUES (10128, '2023-01-01 17:00:10.755000 +00:00', null, 'D78OXX00848', 70, 'https://nimg.lfmall.co.kr/file/product/prd/D78O/XXXX/320/D78OXX00848_00.jpg', '리얼코지팬츠', 12260, '4', '3', 41100, 10034, 10009);
INSERT INTO public.product (id, creation_date, last_modified_date, code_product, discount_rate, image_url, name, sale_price, sale_type, status_type, unit_price, id_product_brand, id_product_category) VALUES (10127, '2023-01-01 17:00:10.755000 +00:00', null, 'D78OXX00641', 77, 'https://nimg.lfmall.co.kr/file/product/prd/D78O/XXXX/320/D78OXX00641_00.jpg', '아랑쇼츠', 3900, '4', '3', 17600, 10034, 10009);
INSERT INTO public.product (id, creation_date, last_modified_date, code_product, discount_rate, image_url, name, sale_price, sale_type, status_type, unit_price, id_product_brand, id_product_category) VALUES (10040, '2023-01-01 17:00:10.755000 +00:00', null, 'AECO2F002BK', 14, 'https://nimg.lfmall.co.kr/file/product/prd/AE/2022/320/AECO2F002BK_00.jpg', '울 캐시미어혼방 오버핏 더플 크롭코트 블랙', 247090, '4', '1', 289000, 10002, 10002);
INSERT INTO public.product (id, creation_date, last_modified_date, code_product, discount_rate, image_url, name, sale_price, sale_type, status_type, unit_price, id_product_brand, id_product_category) VALUES (10022, '2023-01-01 17:00:10.755000 +00:00', null, 'CU15XX00294', 60, 'https://nimg.lfmall.co.kr/file/product/prd/CU15/2021/320/CU15XX00294_00.jpg', '스크랩 울콤비 유색 밍크 베스트', 118840, '4', '3', 300000, 10009, 10001);
INSERT INTO public.product (id, creation_date, last_modified_date, code_product, discount_rate, image_url, name, sale_price, sale_type, status_type, unit_price, id_product_brand, id_product_category) VALUES (10064, '2023-01-01 17:00:10.755000 +00:00', null, 'DVS1XX00061', 43, 'https://nimg.lfmall.co.kr/file/product/prd/DVS1/2022/320/DVS1XX00061_00.jpg', '더엣지 22FW 소프트 모크넥 니트 4종', 44910, '4', '3', 79900, 10018, 10003);
INSERT INTO public.product (id, creation_date, last_modified_date, code_product, discount_rate, image_url, name, sale_price, sale_type, status_type, unit_price, id_product_brand, id_product_category) VALUES (10018, '2023-01-01 17:00:10.755000 +00:00', null, 'DLJU2D991N2', 9, 'https://nimg.lfmall.co.kr/file/product/prd/DL/2022/320/DLJU2D991N2_00.jpg', '네이비 퍼배색 구스다운점퍼', 627240, '4', '1', 695000, 10004, 10001);
INSERT INTO public.product (id, creation_date, last_modified_date, code_product, discount_rate, image_url, name, sale_price, sale_type, status_type, unit_price, id_product_brand, id_product_category) VALUES (10021, '2023-01-01 17:00:10.755000 +00:00', null, 'DLJU2D991I2', 9, 'https://nimg.lfmall.co.kr/file/product/prd/DL/2022/320/DLJU2D991I2_00.jpg', '베이지 퍼배색 구스다운점퍼', 627240, '4', '1', 695000, 10004, 10001);
INSERT INTO public.product (id, creation_date, last_modified_date, code_product, discount_rate, image_url, name, sale_price, sale_type, status_type, unit_price, id_product_brand, id_product_category) VALUES (10100, '2023-01-01 17:00:10.755000 +00:00', null, 'BS74XX00207', 54, 'https://nimg.lfmall.co.kr/file/product/prd/BS74/2022/320/BS74XX00207_00.jpg', '셀렙샵에디션 22SS 스프링 클래식 와이드팬츠', 26910, '4', '3', 59000, 10027, 10006);
INSERT INTO public.product (id, creation_date, last_modified_date, code_product, discount_rate, image_url, name, sale_price, sale_type, status_type, unit_price, id_product_brand, id_product_category) VALUES (10088, '2023-01-01 17:00:10.755000 +00:00', null, 'S401XX00577', 14, 'https://nimg.lfmall.co.kr/file/product/prd/S401/2021/320/S401XX00577_00.jpg', 'Linen Flared Dress - Black', 75240, '4', '3', 88000, 10019, 10005);
INSERT INTO public.product (id, creation_date, last_modified_date, code_product, discount_rate, image_url, name, sale_price, sale_type, status_type, unit_price, id_product_brand, id_product_category) VALUES (10002, '2023-01-01 17:00:10.755000 +00:00', null, 'AEJU2F005BK', 24, 'https://nimg.lfmall.co.kr/file/product/prd/AE/2022/320/AEJU2F005BK_00.jpg', '페이크 레더 퀼팅 봄버 자켓 블랙', 166440, '4', '1', 219000, 10002, 10001);
INSERT INTO public.product (id, creation_date, last_modified_date, code_product, discount_rate, image_url, name, sale_price, sale_type, status_type, unit_price, id_product_brand, id_product_category) VALUES (10134, '2023-01-01 17:00:10.755000 +00:00', null, 'D1C9XX01284', 59, 'https://nimg.lfmall.co.kr/file/product/prd/D1C9/2021/320/D1C9XX01284_00.jpg', '[래핑차일드]파자마 상하세트 (82129-715-01)', 12230, '4', '3', 29900, 10038, 10009);
INSERT INTO public.product (id, creation_date, last_modified_date, code_product, discount_rate, image_url, name, sale_price, sale_type, status_type, unit_price, id_product_brand, id_product_category) VALUES (10109, '2023-01-01 17:00:10.755000 +00:00', null, 'VLSK3B211BK', 5, 'https://nimg.lfmall.co.kr/file/product/prd/C004/2023/320/VLSK3B211BK_00.jpg', '블랙 턱장식 플레어 스커트', 340100, '4', '1', 358000, 10007, 10007);
INSERT INTO public.product (id, creation_date, last_modified_date, code_product, discount_rate, image_url, name, sale_price, sale_type, status_type, unit_price, id_product_brand, id_product_category) VALUES (10099, '2023-01-01 17:00:10.755000 +00:00', null, 'DLPA3BI21BK', 9, 'https://nimg.lfmall.co.kr/file/product/prd/DL/2023/320/DLPA3BI21BK_00.jpg', '블랙 셋업 밴딩팬츠', 194040, '4', '1', 215000, 10004, 10006);
INSERT INTO public.product (id, creation_date, last_modified_date, code_product, discount_rate, image_url, name, sale_price, sale_type, status_type, unit_price, id_product_brand, id_product_category) VALUES (10097, '2023-01-01 17:00:10.755000 +00:00', null, 'DLPA3BI21I2', 5, 'https://nimg.lfmall.co.kr/file/product/prd/DL/2023/320/DLPA3BI21I2_00.jpg', '베이지 셋업 밴딩팬츠', 204250, '4', '1', 215000, 10004, 10006);
INSERT INTO public.product (id, creation_date, last_modified_date, code_product, discount_rate, image_url, name, sale_price, sale_type, status_type, unit_price, id_product_brand, id_product_category) VALUES (10009, '2023-01-01 17:00:10.755000 +00:00', null, 'DLJU3AE11I2', 5, 'https://nimg.lfmall.co.kr/file/product/prd/DL/2023/320/DLJU3AE11I2_00.jpg', '베이지 퀼팅 긴팔캐주얼점퍼', 717250, '4', '1', 755000, 10004, 10001);
INSERT INTO public.product (id, creation_date, last_modified_date, code_product, discount_rate, image_url, name, sale_price, sale_type, status_type, unit_price, id_product_brand, id_product_category) VALUES (10044, '2023-01-01 17:00:10.755000 +00:00', null, 'D5OHXX01770', 37, 'https://nimg.lfmall.co.kr/file/product/prd/D5OH/2022/320/D5OHXX01770_00.jpg', 'UNISEX CLASSIC BALMACAAN TRENCH COAT CLASSIC BEIGE_UDTR2C101I3', 207270, '4', '3', 329000, 10006, 10002);
INSERT INTO public.product (id, creation_date, last_modified_date, code_product, discount_rate, image_url, name, sale_price, sale_type, status_type, unit_price, id_product_brand, id_product_category) VALUES (10037, '2023-01-01 17:00:10.755000 +00:00', null, 'AECO2F002G2', 19, 'https://nimg.lfmall.co.kr/file/product/prd/AE/2022/320/AECO2F002G2_00.jpg', '울 캐시미어혼방 오버핏 더플 크롭코트 그레이', 233370, '4', '1', 289000, 10002, 10002);
INSERT INTO public.product (id, creation_date, last_modified_date, code_product, discount_rate, image_url, name, sale_price, sale_type, status_type, unit_price, id_product_brand, id_product_category) VALUES (10010, '2023-01-01 17:00:10.755000 +00:00', null, 'DLJU2DT01W3', 0, 'https://nimg.lfmall.co.kr/file/product/prd/DL/2022/320/DLJU2DT01W3_00.jpg', '[DAKS LONDON STUDIO] 브라운 체크 울혼방 긴팔캐주얼점퍼', 383560, '4', '1', 425000, 10004, 10001);
INSERT INTO public.product (id, creation_date, last_modified_date, code_product, discount_rate, image_url, name, sale_price, sale_type, status_type, unit_price, id_product_brand, id_product_category) VALUES (10108, '2023-01-01 17:00:10.755000 +00:00', null, 'AESK2F003N3', 15, 'https://nimg.lfmall.co.kr/file/product/prd/AE/2022/320/AESK2F003N3_00.jpg', '플리츠 슬릿 스커트 다크네이비', 135150, '4', '1', 159000, 10002, 10007);
INSERT INTO public.product (id, creation_date, last_modified_date, code_product, discount_rate, image_url, name, sale_price, sale_type, status_type, unit_price, id_product_brand, id_product_category) VALUES (10036, '2023-01-01 17:00:10.755000 +00:00', null, 'D1C0XX05188', 84, 'https://nimg.lfmall.co.kr/file/product/prd/D1C0/2019/320/D1C0XX05188_00.jpg', '밴드카라 점퍼형 트렌치코트', 41920, '4', '3', 279000, 10012, 10002);
INSERT INTO public.product (id, creation_date, last_modified_date, code_product, discount_rate, image_url, name, sale_price, sale_type, status_type, unit_price, id_product_brand, id_product_category) VALUES (10058, '2023-01-01 17:00:10.755000 +00:00', null, 'SLSW2D008CG', 44, 'https://nimg.lfmall.co.kr/file/product/prd/BASH/2022/320/SLSW2D008CG_00.jpg', '차콜그레이 짜임 울혼방 가디건', 301280, '4', '1', 538000, 10008, 10003);
INSERT INTO public.product (id, creation_date, last_modified_date, code_product, discount_rate, image_url, name, sale_price, sale_type, status_type, unit_price, id_product_brand, id_product_category) VALUES (10073, '2023-01-01 17:00:10.755000 +00:00', null, 'HSSH3AC10V1', 23, 'https://nimg.lfmall.co.kr/file/product/prd/HS/2023/320/HSSH3AC10V1_00.jpg', '바이올렛 스트라이프 면혼방 긴팔셔츠', 145440, '4', '1', 189000, 10005, 10004);
INSERT INTO public.product (id, creation_date, last_modified_date, code_product, discount_rate, image_url, name, sale_price, sale_type, status_type, unit_price, id_product_brand, id_product_category) VALUES (10033, '2023-01-01 17:00:10.755000 +00:00', null, 'VLJA2D433D3', 33, 'https://nimg.lfmall.co.kr/file/product/prd/C004/2022/320/VLJA2D433D3_00.jpg', '다크와인 올풀림장식 트위드 자켓', 464170, '4', '1', 698000, 10007, 10002);
INSERT INTO public.product (id, creation_date, last_modified_date, code_product, discount_rate, image_url, name, sale_price, sale_type, status_type, unit_price, id_product_brand, id_product_category) VALUES (10078, '2023-01-01 17:00:10.755000 +00:00', null, 'D1SLXX01848', 58, 'https://nimg.lfmall.co.kr/file/product/prd/D1SL/2023/320/D1SLXX01848_00.jpg', '데일리 악어 프린팅 반팔 티셔츠', 16150, '4', '3', 39000, 10011, 10004);
INSERT INTO public.product (id, creation_date, last_modified_date, code_product, discount_rate, image_url, name, sale_price, sale_type, status_type, unit_price, id_product_brand, id_product_category) VALUES (10024, '2023-01-01 17:00:10.755000 +00:00', null, 'URJA2F310BK', 10, 'https://nimg.lfmall.co.kr/file/product/prd/C00C/2022/320/URJA2F310BK_00.jpg', '여성 블랙 Betty Interactive 베스트', 160200, '4', '1', 178000, 10001, 10001);
INSERT INTO public.product (id, creation_date, last_modified_date, code_product, discount_rate, image_url, name, sale_price, sale_type, status_type, unit_price, id_product_brand, id_product_category) VALUES (10008, '2023-01-01 17:00:10.755000 +00:00', null, 'D5OHXX02120', 14, 'https://nimg.lfmall.co.kr/file/product/prd/D5OH/2022/320/D5OHXX02120_00.jpg', 'UNISEX CREST LOGO COLLAR ZIP-UP BLOUSON OATMEAL MELANGE_UDTS3A118I1', 84640, '4', '3', 99000, 10006, 10001);
INSERT INTO public.product (id, creation_date, last_modified_date, code_product, discount_rate, image_url, name, sale_price, sale_type, status_type, unit_price, id_product_brand, id_product_category) VALUES (10124, '2023-01-01 17:00:10.755000 +00:00', null, 'DI8EXX00957', 53, 'https://nimg.lfmall.co.kr/file/product/prd/DI8E/2022/320/DI8EXX00957_00.jpg', '클레르 하프 집업 맨투맨 [BLACK] / W22F05201', 35100, '4', '3', 76000, 10031, 10008);
INSERT INTO public.product (id, creation_date, last_modified_date, code_product, discount_rate, image_url, name, sale_price, sale_type, status_type, unit_price, id_product_brand, id_product_category) VALUES (10007, '2023-01-01 17:00:10.755000 +00:00', null, 'HSJU3AC13I2', 24, 'https://nimg.lfmall.co.kr/file/product/prd/HS/2023/320/HSJU3AC13I2_00.jpg', '베이지 코듀로이 카라 배색 퀼팅 점퍼', 379240, '4', '1', 499000, 10005, 10001);
INSERT INTO public.product (id, creation_date, last_modified_date, code_product, discount_rate, image_url, name, sale_price, sale_type, status_type, unit_price, id_product_brand, id_product_category) VALUES (10082, '2023-01-01 17:00:10.755000 +00:00', null, 'D1SQXX00012', 65, 'https://nimg.lfmall.co.kr/file/product/prd/D1SQ/2021/320/D1SQXX00012_00.jpg', '세루티1881 22SPRING 세뛰르 원피스', 41310, '4', '3', 119000, 10022, 10005);
INSERT INTO public.product (id, creation_date, last_modified_date, code_product, discount_rate, image_url, name, sale_price, sale_type, status_type, unit_price, id_product_brand, id_product_category) VALUES (10085, '2023-01-01 17:00:10.755000 +00:00', null, 'DVF6XX00179', 37, 'https://nimg.lfmall.co.kr/file/product/prd/DVF6/2022/320/DVF6XX00179_00.jpg', '여성 사선 플라켓 폴로 원피스 EF402E-52GM 166', 175770, '4', '3', 279000, 10023, 10005);
INSERT INTO public.product (id, creation_date, last_modified_date, code_product, discount_rate, image_url, name, sale_price, sale_type, status_type, unit_price, id_product_brand, id_product_category) VALUES (10071, '2023-01-01 17:00:10.755000 +00:00', null, 'DLTS2D993E3', 9, 'https://nimg.lfmall.co.kr/file/product/prd/DL/2022/320/DLTS2D993E3_00.jpg', '진한 초록 시그니처 골지 카라티셔츠', 175990, '4', '1', 195000, 10004, 10004);
INSERT INTO public.product (id, creation_date, last_modified_date, code_product, discount_rate, image_url, name, sale_price, sale_type, status_type, unit_price, id_product_brand, id_product_category) VALUES (10120, '2023-01-01 17:00:10.755000 +00:00', null, 'BQ74XX00948', 54, 'https://nimg.lfmall.co.kr/file/product/prd/BQ74/2022/320/BQ74XX00948_00.jpg', '플루크 카라비너 반팔티셔츠 FST180 / 5color W', 15840, '4', '3', 34800, 10033, 10008);
INSERT INTO public.product (id, creation_date, last_modified_date, code_product, discount_rate, image_url, name, sale_price, sale_type, status_type, unit_price, id_product_brand, id_product_category) VALUES (10094, '2023-01-01 17:00:10.755000 +00:00', null, 'Q823XX09155', 79, 'https://nimg.lfmall.co.kr/file/product/prd/Q823/2021/320/Q823XX09155_00.jpg', '미니멀 스트레이트핏 슬랙스', 28000, '4', '3', 138000, 10017, 10006);
INSERT INTO public.product (id, creation_date, last_modified_date, code_product, discount_rate, image_url, name, sale_price, sale_type, status_type, unit_price, id_product_brand, id_product_category) VALUES (10118, '2023-01-01 17:00:10.755000 +00:00', null, 'DI8EXX01424', 49, 'https://nimg.lfmall.co.kr/file/product/prd/DI8E/2022/320/DI8EXX01424_00.jpg', 'UNISEX 데이데이 맨투맨 [4COL] / SBC1U02013', 29700, '4', '3', 59000, 10031, 10008);
INSERT INTO public.product (id, creation_date, last_modified_date, code_product, discount_rate, image_url, name, sale_price, sale_type, status_type, unit_price, id_product_brand, id_product_category) VALUES (10034, '2023-01-01 17:00:10.755000 +00:00', null, 'SIJA3E011WT', 5, 'https://nimg.lfmall.co.kr/file/product/prd/BASH/2023/320/SIJA3E011WT_00.jpg', '화이트 단색 울혼방 트위드자켓', 549100, '4', '1', 578000, 10008, 10002);
INSERT INTO public.product (id, creation_date, last_modified_date, code_product, discount_rate, image_url, name, sale_price, sale_type, status_type, unit_price, id_product_brand, id_product_category) VALUES (10093, '2023-01-01 17:00:10.755000 +00:00', null, 'Q823XX10937', 67, 'https://nimg.lfmall.co.kr/file/product/prd/Q823/2022/320/Q823XX10937_00.jpg', '테이퍼드 코듀로이 팬츠', 58650, '4', '3', 178000, 10017, 10006);
INSERT INTO public.product (id, creation_date, last_modified_date, code_product, discount_rate, image_url, name, sale_price, sale_type, status_type, unit_price, id_product_brand, id_product_category) VALUES (10006, '2023-01-01 17:00:10.755000 +00:00', null, 'DLJU3AE11BK', 5, 'https://nimg.lfmall.co.kr/file/product/prd/DL/2023/320/DLJU3AE11BK_00.jpg', '블랙 퀼팅 긴팔캐주얼점퍼', 717250, '4', '1', 755000, 10004, 10001);
INSERT INTO public.product (id, creation_date, last_modified_date, code_product, discount_rate, image_url, name, sale_price, sale_type, status_type, unit_price, id_product_brand, id_product_category) VALUES (10067, '2023-01-01 17:00:10.755000 +00:00', null, 'EPSW3E001E1', 10, 'https://nimg.lfmall.co.kr/file/product/prd/B00O/2023/320/EPSW3E001E1_00.jpg', 'Cable Line Cardigan_Green', 98100, '4', '1', 109000, 10000, 10003);
INSERT INTO public.product (id, creation_date, last_modified_date, code_product, discount_rate, image_url, name, sale_price, sale_type, status_type, unit_price, id_product_brand, id_product_category) VALUES (10027, '2023-01-01 17:00:10.755000 +00:00', null, 'DLJU2DE95BK', 5, 'https://nimg.lfmall.co.kr/file/product/prd/DL/2022/320/DLJU2DE95BK_00.jpg', '블랙 퀼팅 긴팔캐주얼점퍼', 717250, '4', '1', 755000, 10004, 10001);
INSERT INTO public.product (id, creation_date, last_modified_date, code_product, discount_rate, image_url, name, sale_price, sale_type, status_type, unit_price, id_product_brand, id_product_category) VALUES (10012, '2023-01-01 17:00:10.755000 +00:00', null, 'DLJU2D991K2', 9, 'https://nimg.lfmall.co.kr/file/product/prd/DL/2022/320/DLJU2D991K2_00.jpg', '카키 퍼배색 구스다운점퍼', 627240, '4', '1', 695000, 10004, 10001);
INSERT INTO public.product (id, creation_date, last_modified_date, code_product, discount_rate, image_url, name, sale_price, sale_type, status_type, unit_price, id_product_brand, id_product_category) VALUES (10112, '2023-01-01 17:00:10.755000 +00:00', null, 'HSSK2C701I2', 19, 'https://nimg.lfmall.co.kr/file/product/prd/HS/2022/320/HSSK2C701I2_00.jpg', '베이지 폴리혼방 A라인 져지스커트', 96090, '4', '1', 119000, 10005, 10007);
INSERT INTO public.product (id, creation_date, last_modified_date, code_product, discount_rate, image_url, name, sale_price, sale_type, status_type, unit_price, id_product_brand, id_product_category) VALUES (10107, '2023-01-01 17:00:10.755000 +00:00', null, 'AESK3E008N2', 14, 'https://nimg.lfmall.co.kr/file/product/prd/AE/2023/320/AESK3E008N2_00.jpg', '네이비 트위드 트임 롱 스커트', 110290, '4', '1', 129000, 10002, 10007);
INSERT INTO public.product (id, creation_date, last_modified_date, code_product, discount_rate, image_url, name, sale_price, sale_type, status_type, unit_price, id_product_brand, id_product_category) VALUES (10061, '2023-01-01 17:00:10.755000 +00:00', null, 'EPSW3E001P1', 10, 'https://nimg.lfmall.co.kr/file/product/prd/B00O/2023/320/EPSW3E001P1_00.jpg', 'Cable Line Cardigan_Pink', 98100, '4', '1', 109000, 10000, 10003);
INSERT INTO public.product (id, creation_date, last_modified_date, code_product, discount_rate, image_url, name, sale_price, sale_type, status_type, unit_price, id_product_brand, id_product_category) VALUES (10003, '2023-01-01 17:00:10.755000 +00:00', null, 'DMB4XX00531', 15, 'https://nimg.lfmall.co.kr/file/product/prd/DMB4/2022/320/DMB4XX00531_00.jpg', 'BLACK EFFY BASIC QUILTING JUMPER', 142800, '4', '3', 168000, 10003, 10001);
INSERT INTO public.product (id, creation_date, last_modified_date, code_product, discount_rate, image_url, name, sale_price, sale_type, status_type, unit_price, id_product_brand, id_product_category) VALUES (10049, '2023-01-01 17:00:10.755000 +00:00', null, 'DMB4XX00180', 20, 'https://nimg.lfmall.co.kr/file/product/prd/DMB4/2022/320/DMB4XX00180_00.jpg', '네이비 비키 트리밍 트위드 자켓', 150400, '4', '3', 188000, 10003, 10002);
INSERT INTO public.product (id, creation_date, last_modified_date, code_product, discount_rate, image_url, name, sale_price, sale_type, status_type, unit_price, id_product_brand, id_product_category) VALUES (10076, '2023-01-01 17:00:10.755000 +00:00', null, 'HSTS2DH50Y2', 43, 'https://nimg.lfmall.co.kr/file/product/prd/HS/2022/320/HSTS2DH50Y2_00.jpg', '옐로우 자수장식 긴팔티셔츠', 50300, '4', '1', 89000, 10005, 10004);
INSERT INTO public.product (id, creation_date, last_modified_date, code_product, discount_rate, image_url, name, sale_price, sale_type, status_type, unit_price, id_product_brand, id_product_category) VALUES (10062, '2023-01-01 17:00:10.755000 +00:00', null, 'DLSW2CE82CM', 5, 'https://nimg.lfmall.co.kr/file/product/prd/DL/2022/320/DLSW2CE82CM_00.jpg', '카멜 소재배색 울 니트', 337250, '4', '1', 355000, 10004, 10003);
INSERT INTO public.product (id, creation_date, last_modified_date, code_product, discount_rate, image_url, name, sale_price, sale_type, status_type, unit_price, id_product_brand, id_product_category) VALUES (10030, '2023-01-01 17:00:10.755000 +00:00', null, 'AEJU3E001W2', 19, 'https://nimg.lfmall.co.kr/file/product/prd/AE/2023/320/AEJU3E001W2_00.jpg', '페이크 레더 피그먼트 봄버 자켓 브라운', 192990, '4', '1', 239000, 10002, 10002);
INSERT INTO public.product (id, creation_date, last_modified_date, code_product, discount_rate, image_url, name, sale_price, sale_type, status_type, unit_price, id_product_brand, id_product_category) VALUES (10063, '2023-01-01 17:00:10.755000 +00:00', null, 'DLSW2CE82BK', 5, 'https://nimg.lfmall.co.kr/file/product/prd/DL/2022/320/DLSW2CE82BK_00.jpg', '블랙 소재배색 울 니트', 337250, '4', '1', 355000, 10004, 10003);
INSERT INTO public.product (id, creation_date, last_modified_date, code_product, discount_rate, image_url, name, sale_price, sale_type, status_type, unit_price, id_product_brand, id_product_category) VALUES (10102, '2023-01-01 17:00:10.755000 +00:00', null, 'J952XX00826', 23, 'https://nimg.lfmall.co.kr/file/product/prd/J952/XXXX/320/J952XX00826_00.jpg', 'NEW SLIM STRECH SPAN DENIM PT_DARK INDIGO', 71140, '4', '3', 93000, 10028, 10006);
INSERT INTO public.product (id, creation_date, last_modified_date, code_product, discount_rate, image_url, name, sale_price, sale_type, status_type, unit_price, id_product_brand, id_product_category) VALUES (10089, '2023-01-01 17:00:10.755000 +00:00', null, 'S401XX00241', 14, 'https://nimg.lfmall.co.kr/file/product/prd/S401/2019/320/S401XX00241_00.jpg', 'Linen Button Dress - Beige', 109440, '4', '3', 128000, 10019, 10005);
INSERT INTO public.product (id, creation_date, last_modified_date, code_product, discount_rate, image_url, name, sale_price, sale_type, status_type, unit_price, id_product_brand, id_product_category) VALUES (10114, '2023-01-01 17:00:10.755000 +00:00', null, 'AESK2F301B2', 15, 'https://nimg.lfmall.co.kr/file/product/prd/AE/2022/320/AESK2F301B2_00.jpg', 'H-LINE SLIT DENIM SKIRT BLUE', 106250, '4', '1', 125000, 10002, 10007);
INSERT INTO public.product (id, creation_date, last_modified_date, code_product, discount_rate, image_url, name, sale_price, sale_type, status_type, unit_price, id_product_brand, id_product_category) VALUES (10011, '2023-01-01 17:00:10.755000 +00:00', null, 'AESW2F003CG', 15, 'https://nimg.lfmall.co.kr/file/product/prd/AE/2022/320/AESW2F003CG_00.jpg', 'CABLE BOUCLE TOP CHARCOAL GRAY', 84150, '4', '1', 99000, 10002, 10001);
INSERT INTO public.product (id, creation_date, last_modified_date, code_product, discount_rate, image_url, name, sale_price, sale_type, status_type, unit_price, id_product_brand, id_product_category) VALUES (10038, '2023-01-01 17:00:10.755000 +00:00', null, 'D5OHXX02107', 37, 'https://nimg.lfmall.co.kr/file/product/prd/D5OH/2022/320/D5OHXX02107_00.jpg', 'UNISEX RAGLAN WOOL MAC COAT SOFT BEIGE_UDTR3A101I1', 207270, '4', '3', 329000, 10006, 10002);
INSERT INTO public.product (id, creation_date, last_modified_date, code_product, discount_rate, image_url, name, sale_price, sale_type, status_type, unit_price, id_product_brand, id_product_category) VALUES (10092, '2023-01-01 17:00:10.755000 +00:00', null, 'DVL5XX00071', 37, 'https://nimg.lfmall.co.kr/file/product/prd/DVL5/2022/320/DVL5XX00071_00.jpg', '제로 오버롤 / 네이비', 87570, '4', '3', 139000, 10026, 10005);
INSERT INTO public.product (id, creation_date, last_modified_date, code_product, discount_rate, image_url, name, sale_price, sale_type, status_type, unit_price, id_product_brand, id_product_category) VALUES (10068, '2023-01-01 17:00:10.755000 +00:00', null, 'DLSW2D891BK', 9, 'https://nimg.lfmall.co.kr/file/product/prd/DL/2022/320/DLSW2D891BK_00.jpg', '블랙 라인배색 울 가디건', 320390, '4', '1', 355000, 10004, 10003);
INSERT INTO public.product (id, creation_date, last_modified_date, code_product, discount_rate, image_url, name, sale_price, sale_type, status_type, unit_price, id_product_brand, id_product_category) VALUES (10090, '2023-01-01 17:00:10.755000 +00:00', null, 'DLDR2DP81N2', 9, 'https://nimg.lfmall.co.kr/file/product/prd/DL/2022/320/DLDR2DP81N2_00.jpg', '네이비 스트랩 긴팔원피스', 302340, '4', '1', 335000, 10004, 10005);
INSERT INTO public.product (id, creation_date, last_modified_date, code_product, discount_rate, image_url, name, sale_price, sale_type, status_type, unit_price, id_product_brand, id_product_category) VALUES (10126, '2023-01-01 17:00:10.755000 +00:00', null, 'D78OXX00571', 75, 'https://nimg.lfmall.co.kr/file/product/prd/D78O/XXXX/320/D78OXX00571_00.jpg', '러브릴리원피스', 7900, '4', '3', 31600, 10034, 10009);
INSERT INTO public.product (id, creation_date, last_modified_date, code_product, discount_rate, image_url, name, sale_price, sale_type, status_type, unit_price, id_product_brand, id_product_category) VALUES (10103, '2023-01-01 17:00:10.755000 +00:00', null, 'DLPA2DV81G1', 9, 'https://nimg.lfmall.co.kr/file/product/prd/DL/2022/320/DLPA2DV81G1_00.jpg', '그레이 단색 밴딩팬츠', 212090, '4', '1', 235000, 10004, 10006);
INSERT INTO public.product (id, creation_date, last_modified_date, code_product, discount_rate, image_url, name, sale_price, sale_type, status_type, unit_price, id_product_brand, id_product_category) VALUES (10079, '2023-01-01 17:00:10.755000 +00:00', null, 'E3P2XX00060', 14, 'https://nimg.lfmall.co.kr/file/product/prd/E3P2/2023/320/E3P2XX00060_00.jpg', '레아 하프 집업 스웨트셔츠 - 라이트 핑크', 66690, '4', '3', 78000, 10021, 10004);
INSERT INTO public.product (id, creation_date, last_modified_date, code_product, discount_rate, image_url, name, sale_price, sale_type, status_type, unit_price, id_product_brand, id_product_category) VALUES (10039, '2023-01-01 17:00:10.755000 +00:00', null, 'URJA3E404I2', 10, 'https://nimg.lfmall.co.kr/file/product/prd/C00C/2023/320/URJA3E404I2_00.jpg', '여성 아이보리 인터내셔널 B.Intl International 퀼팅 자켓', 367200, '4', '1', 408000, 10001, 10002);
INSERT INTO public.product (id, creation_date, last_modified_date, code_product, discount_rate, image_url, name, sale_price, sale_type, status_type, unit_price, id_product_brand, id_product_category) VALUES (10045, '2023-01-01 17:00:10.755000 +00:00', null, 'SLJA2D003BK', 33, 'https://nimg.lfmall.co.kr/file/product/prd/BASH/2022/320/SLJA2D003BK_00.jpg', '블랙 단색 양가죽 긴팔자켓', 784700, '4', '1', 1180000, 10008, 10002);
INSERT INTO public.product (id, creation_date, last_modified_date, code_product, discount_rate, image_url, name, sale_price, sale_type, status_type, unit_price, id_product_brand, id_product_category) VALUES (10133, '2023-01-01 17:00:10.755000 +00:00', null, 'A435XX08051', 49, 'https://nimg.lfmall.co.kr/file/product/prd/A435/XXXX/320/A435XX08051_00.jpg', '에센셜 플리스 베스트', 50490, '4', '3', 99000, 10035, 10009);
INSERT INTO public.product (id, creation_date, last_modified_date, code_product, discount_rate, image_url, name, sale_price, sale_type, status_type, unit_price, id_product_brand, id_product_category) VALUES (10096, '2023-01-01 17:00:10.755000 +00:00', null, 'DLPA2D691N2', 9, 'https://nimg.lfmall.co.kr/file/product/prd/DL/2022/320/DLPA2D691N2_00.jpg', '네이비 단색 밴딩팬츠', 157940, '4', '1', 175000, 10004, 10006);
INSERT INTO public.product (id, creation_date, last_modified_date, code_product, discount_rate, image_url, name, sale_price, sale_type, status_type, unit_price, id_product_brand, id_product_category) VALUES (10081, '2023-01-01 17:00:10.755000 +00:00', null, 'DLTS2D993P2', 9, 'https://nimg.lfmall.co.kr/file/product/prd/DL/2022/320/DLTS2D993P2_00.jpg', '핑크 시그니처 골지 카라티셔츠', 175990, '4', '1', 195000, 10004, 10004);
INSERT INTO public.product (id, creation_date, last_modified_date, code_product, discount_rate, image_url, name, sale_price, sale_type, status_type, unit_price, id_product_brand, id_product_category) VALUES (10043, '2023-01-01 17:00:10.755000 +00:00', null, 'DLCO2DV02N2', 9, 'https://nimg.lfmall.co.kr/file/product/prd/DL/2022/320/DLCO2DV02N2_00.jpg', '네이비 탈착후드 울캐시미어혼방 코트', 1037870, '4', '1', 1150000, 10004, 10002);
INSERT INTO public.product (id, creation_date, last_modified_date, code_product, discount_rate, image_url, name, sale_price, sale_type, status_type, unit_price, id_product_brand, id_product_category) VALUES (10047, '2023-01-01 17:00:10.755000 +00:00', null, 'JSCO3A100G2', 5, 'https://nimg.lfmall.co.kr/file/product/prd/JS/2023/320/JSCO3A100G2_00.jpg', '그레이 로고자수 울캐시미어혼방 숏코트', 664050, '4', '1', 699000, 10013, 10002);
INSERT INTO public.product (id, creation_date, last_modified_date, code_product, discount_rate, image_url, name, sale_price, sale_type, status_type, unit_price, id_product_brand, id_product_category) VALUES (10131, '2023-01-01 17:00:10.755000 +00:00', null, 'D6A5XX01226', 81, 'https://nimg.lfmall.co.kr/file/product/prd/D6A5/2022/320/D6A5XX01226_00.jpg', '[올리반] [110~160]크리에이티브데님셔츠(블루)', 14800, '4', '3', 79800, 10037, 10009);
INSERT INTO public.product (id, creation_date, last_modified_date, code_product, discount_rate, image_url, name, sale_price, sale_type, status_type, unit_price, id_product_brand, id_product_category) VALUES (10125, '2023-01-01 17:00:10.755000 +00:00', null, 'BQ74XX00998', 49, 'https://nimg.lfmall.co.kr/file/product/prd/BQ74/2022/320/BQ74XX00998_00.jpg', '플루크 슬램 로고 긴팔 티셔츠 FLT119 / 3color W', 22960, '4', '3', 45800, 10033, 10008);
INSERT INTO public.product (id, creation_date, last_modified_date, code_product, discount_rate, image_url, name, sale_price, sale_type, status_type, unit_price, id_product_brand, id_product_category) VALUES (10032, '2023-01-01 17:00:10.755000 +00:00', null, 'D5OHXX02168', 14, 'https://nimg.lfmall.co.kr/file/product/prd/D5OH/2022/320/D5OHXX02168_00.jpg', 'ESSENTIAL 2 BUTTON WOOL BLAZER CHARCOAL GREY_UDJA3A201CG', 204340, '4', '3', 239000, 10006, 10002);
INSERT INTO public.product (id, creation_date, last_modified_date, code_product, discount_rate, image_url, name, sale_price, sale_type, status_type, unit_price, id_product_brand, id_product_category) VALUES (10070, '2023-01-01 17:00:10.755000 +00:00', null, 'VLSW3A101P1', 5, 'https://nimg.lfmall.co.kr/file/product/prd/C004/2023/320/VLSW3A101P1_00.jpg', '라이트핑크 단색 울캐시미어 브이넥 니트', 378100, '4', '1', 398000, 10007, 10003);
INSERT INTO public.product (id, creation_date, last_modified_date, code_product, discount_rate, image_url, name, sale_price, sale_type, status_type, unit_price, id_product_brand, id_product_category) VALUES (10115, '2023-01-01 17:00:10.755000 +00:00', null, 'M988XX01051', 15, 'https://nimg.lfmall.co.kr/file/product/prd/M988/XXXX/320/M988XX01051_00.jpg', '엠블러 Cartoon Bear 남여공용 오버핏 기모 맨투맨 AMM1016-아이보리', 33060, '4', '3', 38900, 10030, 10008);
INSERT INTO public.product (id, creation_date, last_modified_date, code_product, discount_rate, image_url, name, sale_price, sale_type, status_type, unit_price, id_product_brand, id_product_category) VALUES (10019, '2023-01-01 17:00:10.755000 +00:00', null, 'EPSW2F020W2', 10, 'https://nimg.lfmall.co.kr/file/product/prd/B00O/2022/320/EPSW2F020W2_00.jpg', 'Boucle Crop Vest_Beige', 71100, '4', '1', 79000, 10000, 10001);
INSERT INTO public.product (id, creation_date, last_modified_date, code_product, discount_rate, image_url, name, sale_price, sale_type, status_type, unit_price, id_product_brand, id_product_category) VALUES (10072, '2023-01-01 17:00:10.755000 +00:00', null, 'EPSH3E004B2', 10, 'https://nimg.lfmall.co.kr/file/product/prd/B00O/2023/320/EPSH3E004B2_00.jpg', 'Crop Denim Shirt_BLUE', 116100, '4', '1', 129000, 10000, 10004);
INSERT INTO public.product (id, creation_date, last_modified_date, code_product, discount_rate, image_url, name, sale_price, sale_type, status_type, unit_price, id_product_brand, id_product_category) VALUES (10015, '2023-01-01 17:00:10.755000 +00:00', null, 'SLJU2D002BK', 44, 'https://nimg.lfmall.co.kr/file/product/prd/BASH/2022/320/SLJU2D002BK_00.jpg', '블랙 절개라인 긴팔캐주얼점퍼', 301280, '4', '1', 538000, 10008, 10001);
INSERT INTO public.product (id, creation_date, last_modified_date, code_product, discount_rate, image_url, name, sale_price, sale_type, status_type, unit_price, id_product_brand, id_product_category) VALUES (10074, '2023-01-01 17:00:10.755000 +00:00', null, 'S401XX00775', 19, 'https://nimg.lfmall.co.kr/file/product/prd/S401/2022/320/S401XX00775_00.jpg', 'Silhouette Back Point T-shirt - Navy', 34020, '4', '3', 42000, 10019, 10004);
INSERT INTO public.product (id, creation_date, last_modified_date, code_product, discount_rate, image_url, name, sale_price, sale_type, status_type, unit_price, id_product_brand, id_product_category) VALUES (10059, '2023-01-01 17:00:10.755000 +00:00', null, 'DVS1XX00120', 10, 'https://nimg.lfmall.co.kr/file/product/prd/DVS1/2023/320/DVS1XX00120_00.jpg', '더엣지 23SS 케이블 니트가디건 3종', 71910, '4', '3', 79900, 10018, 10003);
INSERT INTO public.product (id, creation_date, last_modified_date, code_product, discount_rate, image_url, name, sale_price, sale_type, status_type, unit_price, id_product_brand, id_product_category) VALUES (10048, '2023-01-01 17:00:10.755000 +00:00', null, 'D5V9XX00318', 28, 'https://nimg.lfmall.co.kr/file/product/prd/D5V9/2022/320/D5V9XX00318_00.jpg', 'PREP THINSULATE QUILTING JACKET_BLACK ', 179280, '4', '3', 249000, 10014, 10002);
INSERT INTO public.product (id, creation_date, last_modified_date, code_product, discount_rate, image_url, name, sale_price, sale_type, status_type, unit_price, id_product_brand, id_product_category) VALUES (10136, '2023-01-01 17:00:10.755000 +00:00', null, 'A433XX08978', 44, 'https://nimg.lfmall.co.kr/file/product/prd/A433/XXXX/320/A433XX08978_00.jpg', '[닥스리틀] 닥스키즈 경량 덕다운점퍼', 105840, '4', '3', 189000, 10036, 10009);
INSERT INTO public.product (id, creation_date, last_modified_date, code_product, discount_rate, image_url, name, sale_price, sale_type, status_type, unit_price, id_product_brand, id_product_category) VALUES (10129, '2023-01-01 17:00:10.755000 +00:00', null, 'A435XX08049', 57, 'https://nimg.lfmall.co.kr/file/product/prd/A435/XXXX/320/A435XX08049_00.jpg', '에센셜 경량 다운 베스트', 45900, '4', '3', 109000, 10035, 10009);
INSERT INTO public.product (id, creation_date, last_modified_date, code_product, discount_rate, image_url, name, sale_price, sale_type, status_type, unit_price, id_product_brand, id_product_category) VALUES (10116, '2023-01-01 17:00:10.755000 +00:00', null, 'DI8EXX00966', 52, 'https://nimg.lfmall.co.kr/file/product/prd/DI8E/2022/320/DI8EXX00966_00.jpg', '스트라이프 퍼프 맨투맨 [BLACK] / W22F05003', 29700, '4', '3', 62000, 10031, 10008);
INSERT INTO public.product (id, creation_date, last_modified_date, code_product, discount_rate, image_url, name, sale_price, sale_type, status_type, unit_price, id_product_brand, id_product_category) VALUES (10113, '2023-01-01 17:00:10.755000 +00:00', null, 'AESK3G007I2', 19, 'https://nimg.lfmall.co.kr/file/product/prd/AE/2023/320/AESK3G007I2_00.jpg', '치노 플리츠 미니 스커트 베이지', 96090, '4', '1', 119000, 10002, 10007);
INSERT INTO public.product (id, creation_date, last_modified_date, code_product, discount_rate, image_url, name, sale_price, sale_type, status_type, unit_price, id_product_brand, id_product_category) VALUES (10046, '2023-01-01 17:00:10.755000 +00:00', null, 'DLCO2DV91W2', 9, 'https://nimg.lfmall.co.kr/file/product/prd/DL/2022/320/DLCO2DV91W2_00.jpg', '브라운 패턴 울 코트', 717490, '4', '1', 795000, 10004, 10002);
INSERT INTO public.product (id, creation_date, last_modified_date, code_product, discount_rate, image_url, name, sale_price, sale_type, status_type, unit_price, id_product_brand, id_product_category) VALUES (10123, '2023-01-01 17:00:10.755000 +00:00', null, 'DI8EXX01410', 52, 'https://nimg.lfmall.co.kr/file/product/prd/DI8E/2022/320/DI8EXX01410_00.jpg', 'UNISEX 테리 라인 트랙 팬츠 [MELANGE GREY] / SBC1U52002', 26100, '4', '3', 55000, 10031, 10008);
INSERT INTO public.product (id, creation_date, last_modified_date, code_product, discount_rate, image_url, name, sale_price, sale_type, status_type, unit_price, id_product_brand, id_product_category) VALUES (10105, '2023-01-01 17:00:10.755000 +00:00', null, 'AESK2F301BK', 19, 'https://nimg.lfmall.co.kr/file/product/prd/AE/2022/320/AESK2F301BK_00.jpg', 'H-LINE SLIT DENIM SKIRT BLACK', 100940, '4', '1', 125000, 10002, 10007);
INSERT INTO public.product (id, creation_date, last_modified_date, code_product, discount_rate, image_url, name, sale_price, sale_type, status_type, unit_price, id_product_brand, id_product_category) VALUES (10091, '2023-01-01 17:00:10.755000 +00:00', null, 'BO11XX04293', 36, 'https://nimg.lfmall.co.kr/file/product/prd/BO11/2022/320/BO11XX04293_00.jpg', '아가일 체크 니트 원피스', 81600, '4', '3', 128000, 10025, 10005);
INSERT INTO public.product (id, creation_date, last_modified_date, code_product, discount_rate, image_url, name, sale_price, sale_type, status_type, unit_price, id_product_brand, id_product_category) VALUES (10053, '2023-01-01 17:00:10.755000 +00:00', null, 'D5NMXX00141', 23, 'https://nimg.lfmall.co.kr/file/product/prd/D5NM/XXXX/320/D5NMXX00141_00.jpg', 'Light linen summer jacket', 213430, '4', '3', 279000, 10016, 10002);
INSERT INTO public.product (id, creation_date, last_modified_date, code_product, discount_rate, image_url, name, sale_price, sale_type, status_type, unit_price, id_product_brand, id_product_category) VALUES (10056, '2023-01-01 17:00:10.755000 +00:00', null, 'D5OHXX01195', 0, 'https://nimg.lfmall.co.kr/file/product/prd/D5OH/2021/320/D5OHXX01195_00.jpg', 'UNISEX ZIP-UP SILKY VARSITY JACKET BLACK_UDJU2A104BK', 199000, '4', '3', 199000, 10006, 10002);
INSERT INTO public.product (id, creation_date, last_modified_date, code_product, discount_rate, image_url, name, sale_price, sale_type, status_type, unit_price, id_product_brand, id_product_category) VALUES (10086, '2023-01-01 17:00:10.755000 +00:00', null, 'DLDR2D008G3', 5, 'https://nimg.lfmall.co.kr/file/product/prd/DL/2022/320/DLDR2D008G3_00.jpg', '그레이 스트랩 울혼방 셔츠형원피스', 755250, '4', '1', 795000, 10004, 10005);
INSERT INTO public.product (id, creation_date, last_modified_date, code_product, discount_rate, image_url, name, sale_price, sale_type, status_type, unit_price, id_product_brand, id_product_category) VALUES (10122, '2023-01-01 17:00:10.755000 +00:00', null, 'DI8EXX00783', 62, 'https://nimg.lfmall.co.kr/file/product/prd/DI8E/2022/320/DI8EXX00783_00.jpg', '크로셰 니트 베스트 [PINK] / S22D06012', 20700, '4', '3', 55000, 10031, 10008);
INSERT INTO public.product (id, creation_date, last_modified_date, code_product, discount_rate, image_url, name, sale_price, sale_type, status_type, unit_price, id_product_brand, id_product_category) VALUES (10016, '2023-01-01 17:00:10.755000 +00:00', null, 'DLJU2DV01N2', 2, 'https://nimg.lfmall.co.kr/file/product/prd/DL/2022/320/DLJU2DV01N2_00.jpg', '네이비 탈착후드 구스다운 패딩점퍼', 897990, '4', '1', 995000, 10004, 10001);
INSERT INTO public.product (id, creation_date, last_modified_date, code_product, discount_rate, image_url, name, sale_price, sale_type, status_type, unit_price, id_product_brand, id_product_category) VALUES (10031, '2023-01-01 17:00:10.755000 +00:00', null, 'D1C0XX05055', 71, 'https://nimg.lfmall.co.kr/file/product/prd/D1C0/2021/320/D1C0XX05055_00.jpg', '핸드메이드 코쿤 자켓', 114960, '4', '3', 399000, 10012, 10002);
INSERT INTO public.product (id, creation_date, last_modified_date, code_product, discount_rate, image_url, name, sale_price, sale_type, status_type, unit_price, id_product_brand, id_product_category) VALUES (10035, '2023-01-01 17:00:10.755000 +00:00', null, 'HSJA2D901I1', 43, 'https://nimg.lfmall.co.kr/file/product/prd/HS/2022/320/HSJA2D901I1_00.jpg', '베이지 포켓장식 울혼방 트위드자켓', 282060, '4', '1', 499000, 10005, 10002);
INSERT INTO public.product (id, creation_date, last_modified_date, code_product, discount_rate, image_url, name, sale_price, sale_type, status_type, unit_price, id_product_brand, id_product_category) VALUES (10023, '2023-01-01 17:00:10.755000 +00:00', null, 'DLJU2DV01W3', 9, 'https://nimg.lfmall.co.kr/file/product/prd/DL/2022/320/DLJU2DV01W3_00.jpg', '브라운 탈착후드 구스다운 패딩점퍼', 897990, '4', '1', 995000, 10004, 10001);
INSERT INTO public.product (id, creation_date, last_modified_date, code_product, discount_rate, image_url, name, sale_price, sale_type, status_type, unit_price, id_product_brand, id_product_category) VALUES (10084, '2023-01-01 17:00:10.755000 +00:00', null, 'DLDR2D991BK', 9, 'https://nimg.lfmall.co.kr/file/product/prd/DL/2022/320/DLDR2D991BK_00.jpg', '블랙 스트랩 울혼방 셔츠형원피스', 446740, '4', '1', 495000, 10004, 10005);
INSERT INTO public.product (id, creation_date, last_modified_date, code_product, discount_rate, image_url, name, sale_price, sale_type, status_type, unit_price, id_product_brand, id_product_category) VALUES (10017, '2023-01-01 17:00:10.755000 +00:00', null, 'DLJU2D917BK', 5, 'https://nimg.lfmall.co.kr/file/product/prd/DL/2022/320/DLJU2D917BK_00.jpg', '블랙 퀼팅 긴팔캐주얼점퍼', 878750, '4', '1', 925000, 10004, 10001);
INSERT INTO public.product (id, creation_date, last_modified_date, code_product, discount_rate, image_url, name, sale_price, sale_type, status_type, unit_price, id_product_brand, id_product_category) VALUES (10054, '2023-01-01 17:00:10.755000 +00:00', null, 'D5OHXX01766', 14, 'https://nimg.lfmall.co.kr/file/product/prd/D5OH/2022/320/D5OHXX01766_00.jpg', 'UNISEX COATED COTTON HALF COAT BLACK_UDTR2C103BK', 221440, '4', '3', 259000, 10006, 10002);
INSERT INTO public.product (id, creation_date, last_modified_date, code_product, discount_rate, image_url, name, sale_price, sale_type, status_type, unit_price, id_product_brand, id_product_category) VALUES (10050, '2023-01-01 17:00:10.755000 +00:00', null, 'DLCO2DV02CM', 9, 'https://nimg.lfmall.co.kr/file/product/prd/DL/2022/320/DLCO2DV02CM_00.jpg', '카멜 탈착후드 울캐시미어혼방 코트', 1037870, '4', '1', 1150000, 10004, 10002);
INSERT INTO public.product (id, creation_date, last_modified_date, code_product, discount_rate, image_url, name, sale_price, sale_type, status_type, unit_price, id_product_brand, id_product_category) VALUES (10041, '2023-01-01 17:00:10.755000 +00:00', null, 'HSJA2D901K2', 43, 'https://nimg.lfmall.co.kr/file/product/prd/HS/2022/320/HSJA2D901K2_00.jpg', '카키 포켓장식 울혼방 트위드자켓', 282060, '4', '1', 499000, 10005, 10002);
INSERT INTO public.product (id, creation_date, last_modified_date, code_product, discount_rate, image_url, name, sale_price, sale_type, status_type, unit_price, id_product_brand, id_product_category) VALUES (10087, '2023-01-01 17:00:10.755000 +00:00', null, 'DVVBXX00034', 49, 'https://nimg.lfmall.co.kr/file/product/prd/DVVB/2022/320/DVVBXX00034_00.jpg', '카라넥 캉캉 데일리 긴팔 원피스 (S28OP22)', 29830, '4', '3', 59000, 10024, 10005);
INSERT INTO public.product (id, creation_date, last_modified_date, code_product, discount_rate, image_url, name, sale_price, sale_type, status_type, unit_price, id_product_brand, id_product_category) VALUES (10121, '2023-01-01 17:00:10.755000 +00:00', null, 'DI8EXX01394', 52, 'https://nimg.lfmall.co.kr/file/product/prd/DI8E/2022/320/DI8EXX01394_00.jpg', 'WOMAN GNRL 에센셜 베이직 가디건 [4COL] / WBC1L04504', 40500, '4', '3', 85000, 10031, 10008);
INSERT INTO public.product (id, creation_date, last_modified_date, code_product, discount_rate, image_url, name, sale_price, sale_type, status_type, unit_price, id_product_brand, id_product_category) VALUES (10119, '2023-01-01 17:00:10.755000 +00:00', null, 'M988XX01037', 15, 'https://nimg.lfmall.co.kr/file/product/prd/M988/XXXX/320/M988XX01037_00.jpg', '엠블러 Boucle Flower 남여공용 오버핏 기모 맨투맨 AMM1009-오트밀', 33060, '4', '3', 38900, 10030, 10008);
INSERT INTO public.product (id, creation_date, last_modified_date, code_product, discount_rate, image_url, name, sale_price, sale_type, status_type, unit_price, id_product_brand, id_product_category) VALUES (10055, '2023-01-01 17:00:10.755000 +00:00', null, 'AEJU2E002I2', 24, 'https://nimg.lfmall.co.kr/file/product/prd/AE/2022/320/AEJU2E002I2_00.jpg', '트위드 믹스 라운드 넥 페이크레더 자켓 베이지', 151240, '4', '1', 199000, 10002, 10002);
INSERT INTO public.product (id, creation_date, last_modified_date, code_product, discount_rate, image_url, name, sale_price, sale_type, status_type, unit_price, id_product_brand, id_product_category) VALUES (10080, '2023-01-01 17:00:10.755000 +00:00', null, 'VLTS3B209P2', 5, 'https://nimg.lfmall.co.kr/file/product/prd/C004/2023/320/VLTS3B209P2_00.jpg', '핑크 단색 골지 오픈카라 티셔츠', 188100, '4', '1', 198000, 10007, 10004);
INSERT INTO public.product (id, creation_date, last_modified_date, code_product, discount_rate, image_url, name, sale_price, sale_type, status_type, unit_price, id_product_brand, id_product_category) VALUES (10101, '2023-01-01 17:00:10.755000 +00:00', null, 'D5OHXX02144', 14, 'https://nimg.lfmall.co.kr/file/product/prd/D5OH/2023/320/D5OHXX02144_00.jpg', 'UNISEX LEATHER LOGO SWEATPANTS BLACK', 76090, '4', '3', 89000, 10006, 10006);
INSERT INTO public.product (id, creation_date, last_modified_date, code_product, discount_rate, image_url, name, sale_price, sale_type, status_type, unit_price, id_product_brand, id_product_category) VALUES (10025, '2023-01-01 17:00:10.755000 +00:00', null, 'DOBIXX00617', 23, 'https://nimg.lfmall.co.kr/file/product/prd/DOBI/2022/320/DOBIXX00617_00.jpg', 'Merino wool Crop v-neck vest (D/NAVY)', 65790, '4', '3', 86000, 10010, 10001);
INSERT INTO public.product (id, creation_date, last_modified_date, code_product, discount_rate, image_url, name, sale_price, sale_type, status_type, unit_price, id_product_brand, id_product_category) VALUES (10051, '2023-01-01 17:00:10.755000 +00:00', null, 'D5OHXX01871', 14, 'https://nimg.lfmall.co.kr/file/product/prd/D5OH/2022/320/D5OHXX01871_00.jpg', 'UNISEX 3 BUTTON CASHMERE JACKET BLACK_UDJA2D123BK', 229990, '4', '3', 269000, 10006, 10002);
INSERT INTO public.product (id, creation_date, last_modified_date, code_product, discount_rate, image_url, name, sale_price, sale_type, status_type, unit_price, id_product_brand, id_product_category) VALUES (10083, '2023-01-01 17:00:10.755000 +00:00', null, 'D1SQXX00016', 51, 'https://nimg.lfmall.co.kr/file/product/prd/D1SQ/2022/320/D1SQXX00016_00.jpg', '세루티1881 22FW 타이원피스', 53100, '4', '3', 109000, 10022, 10005);
INSERT INTO public.product (id, creation_date, last_modified_date, code_product, discount_rate, image_url, name, sale_price, sale_type, status_type, unit_price, id_product_brand, id_product_category) VALUES (10014, '2023-01-01 17:00:10.755000 +00:00', null, 'VLJU3A167W3', 5, 'https://nimg.lfmall.co.kr/file/product/prd/C004/2023/320/VLJU3A167W3_00.jpg', '다크브라운 포켓 페이크레더 크롭 점퍼', 473100, '4', '1', 498000, 10007, 10001);
INSERT INTO public.product (id, creation_date, last_modified_date, code_product, discount_rate, image_url, name, sale_price, sale_type, status_type, unit_price, id_product_brand, id_product_category) VALUES (10110, '2023-01-01 17:00:10.755000 +00:00', null, 'AESK3G001BK', 14, 'https://nimg.lfmall.co.kr/file/product/prd/AE/2023/320/AESK3G001BK_00.jpg', '페이크 레더 플리츠 롱 슬릿 스커트 블랙', 161590, '4', '1', 189000, 10002, 10007);
INSERT INTO public.product (id, creation_date, last_modified_date, code_product, discount_rate, image_url, name, sale_price, sale_type, status_type, unit_price, id_product_brand, id_product_category) VALUES (10069, '2023-01-01 17:00:10.755000 +00:00', null, 'S401XX00747', 14, 'https://nimg.lfmall.co.kr/file/product/prd/S401/2022/320/S401XX00747_00.jpg', 'See-Through Sleeves Cardigan 3 Color', 76090, '4', '3', 89000, 10019, 10003);
INSERT INTO public.product (id, creation_date, last_modified_date, code_product, discount_rate, image_url, name, sale_price, sale_type, status_type, unit_price, id_product_brand, id_product_category) VALUES (10029, '2023-01-01 17:00:10.755000 +00:00', null, 'D1SLXX01803', 66, 'https://nimg.lfmall.co.kr/file/product/prd/D1SL/2023/320/D1SLXX01803_00.jpg', '페미닌 트위드 더블 버튼 숏 자켓', 50570, '4', '3', 149000, 10011, 10002);
INSERT INTO public.product (id, creation_date, last_modified_date, code_product, discount_rate, image_url, name, sale_price, sale_type, status_type, unit_price, id_product_brand, id_product_category) VALUES (10026, '2023-01-01 17:00:10.755000 +00:00', null, 'EPSW2F020P2', 10, 'https://nimg.lfmall.co.kr/file/product/prd/B00O/2022/320/EPSW2F020P2_00.jpg', 'Boucle Crop Vest_Pink', 71100, '4', '1', 79000, 10000, 10001);
INSERT INTO public.product (id, creation_date, last_modified_date, code_product, discount_rate, image_url, name, sale_price, sale_type, status_type, unit_price, id_product_brand, id_product_category) VALUES (10111, '2023-01-01 17:00:10.755000 +00:00', null, 'CU32XX02809', 53, 'https://nimg.lfmall.co.kr/file/product/prd/CU32/XXXX/320/CU32XX02809_00.jpg', '밴딩 니트 플레어 스커트 (VFSCX2982)', 35900, '4', '3', 78000, 10029, 10007);
INSERT INTO public.product (id, creation_date, last_modified_date, code_product, discount_rate, image_url, name, sale_price, sale_type, status_type, unit_price, id_product_brand, id_product_category) VALUES (10104, '2023-01-01 17:00:10.755000 +00:00', null, 'HSSK2C701BA', 19, 'https://nimg.lfmall.co.kr/file/product/prd/HS/2022/320/HSSK2C701BA_00.jpg', '블랙 기모 A라인 져지스커트', 96090, '4', '1', 119000, 10005, 10007);
INSERT INTO public.product (id, creation_date, last_modified_date, code_product, discount_rate, image_url, name, sale_price, sale_type, status_type, unit_price, id_product_brand, id_product_category) VALUES (10052, '2023-01-01 17:00:10.755000 +00:00', null, 'D07SXX00221', 23, 'https://nimg.lfmall.co.kr/file/product/prd/D07S/2022/320/D07SXX00221_00.jpg', 'Tweed Crop Jacket - Black', 159120, '4', '3', 208000, 10015, 10002);
INSERT INTO public.product (id, creation_date, last_modified_date, code_product, discount_rate, image_url, name, sale_price, sale_type, status_type, unit_price, id_product_brand, id_product_category) VALUES (10013, '2023-01-01 17:00:10.755000 +00:00', null, 'DLJU3AE93I3', 5, 'https://nimg.lfmall.co.kr/file/product/prd/DL/2023/320/DLJU3AE93I3_00.jpg', '베이지 탈착후드 하프 퀼팅자켓', 907250, '4', '1', 955000, 10004, 10001);
INSERT INTO public.product (id, creation_date, last_modified_date, code_product, discount_rate, image_url, name, sale_price, sale_type, status_type, unit_price, id_product_brand, id_product_category) VALUES (10098, '2023-01-01 17:00:10.755000 +00:00', null, 'EPPA3E003IV', 14, 'https://nimg.lfmall.co.kr/file/product/prd/B00O/2023/320/EPPA3E003IV_00.jpg', 'Standard Denim Pants_IVORY', 93190, '4', '1', 109000, 10000, 10006);
INSERT INTO public.product (id, creation_date, last_modified_date, code_product, discount_rate, image_url, name, sale_price, sale_type, status_type, unit_price, id_product_brand, id_product_category) VALUES (10065, '2023-01-01 17:00:10.755000 +00:00', null, 'HSSW3B251N2', 19, 'https://nimg.lfmall.co.kr/file/product/prd/HS/2023/320/HSSW3B251N2_00.jpg?1676020355000', '네이비 짜임 면혼방 가디건', 192990, '4', '1', 239000, 10005, 10003);
INSERT INTO public.product (id, creation_date, last_modified_date, code_product, discount_rate, image_url, name, sale_price, sale_type, status_type, unit_price, id_product_brand, id_product_category) VALUES (10060, '2023-01-01 17:00:10.755000 +00:00', null, 'EPSW3E011IV', 10, 'https://nimg.lfmall.co.kr/file/product/prd/B00O/2023/320/EPSW3E011IV_00.jpg', 'Stripe Half Sleeve Knit_STRIPE', 89100, '4', '1', 99000, 10000, 10003);
INSERT INTO public.product (id, creation_date, last_modified_date, code_product, discount_rate, image_url, name, sale_price, sale_type, status_type, unit_price, id_product_brand, id_product_category) VALUES (10132, '2023-01-01 17:00:10.755000 +00:00', null, 'D78OXX00941', 65, 'https://nimg.lfmall.co.kr/file/product/prd/D78O/XXXX/320/D78OXX00941_00.jpg', '프리티하트레깅스', 5610, '4', '3', 16100, 10034, 10009);
INSERT INTO public.product (id, creation_date, last_modified_date, code_product, discount_rate, image_url, name, sale_price, sale_type, status_type, unit_price, id_product_brand, id_product_category) VALUES (10117, '2023-01-01 17:00:10.755000 +00:00', null, 'H130XX02122', 0, 'https://nimg.lfmall.co.kr/file/product/prd/H130/XXXX/320/H130XX02122_00.jpg', 'MATE ROUND LONG T-SHIRTS_IVORY', 14500, '4', '3', 14500, 10032, 10008);
INSERT INTO public.product (id, creation_date, last_modified_date, code_product, discount_rate, image_url, name, sale_price, sale_type, status_type, unit_price, id_product_brand, id_product_category) VALUES (10042, '2023-01-01 17:00:10.755000 +00:00', null, 'DLCO3AE11CG', 5, 'https://nimg.lfmall.co.kr/file/product/prd/DL/2023/320/DLCO3AE11CG_00.jpg', '차콜그레이 밴드넥 솜사시 하프코트', 755250, '4', '1', 795000, 10004, 10002);

-- product_size
INSERT INTO public.product_size (id, creation_date, last_modified_date, name, stock, id_product) VALUES (10000, '2023-01-01 14:56:37.059000 +00:00', null, 'XXX', '69', 10000);
INSERT INTO public.product_size (id, creation_date, last_modified_date, name, stock, id_product) VALUES (10001, '2023-01-01 14:56:37.059000 +00:00', null, '008', '5', 10001);
INSERT INTO public.product_size (id, creation_date, last_modified_date, name, stock, id_product) VALUES (10002, '2023-01-01 14:56:37.059000 +00:00', null, '012', '9', 10001);
INSERT INTO public.product_size (id, creation_date, last_modified_date, name, stock, id_product) VALUES (10003, '2023-01-01 14:56:37.059000 +00:00', null, '014', '2', 10001);
INSERT INTO public.product_size (id, creation_date, last_modified_date, name, stock, id_product) VALUES (10004, '2023-01-01 14:56:37.059000 +00:00', null, 'XXX', '400', 10002);
INSERT INTO public.product_size (id, creation_date, last_modified_date, name, stock, id_product) VALUES (10005, '2023-01-01 14:56:37.059000 +00:00', null, 'DMB4XX00531001', '955', 10003);
INSERT INTO public.product_size (id, creation_date, last_modified_date, name, stock, id_product) VALUES (10006, '2023-01-01 14:56:37.059000 +00:00', null, '088', '0', 10004);
INSERT INTO public.product_size (id, creation_date, last_modified_date, name, stock, id_product) VALUES (10007, '2023-01-01 14:56:37.059000 +00:00', null, '091', '4', 10004);
INSERT INTO public.product_size (id, creation_date, last_modified_date, name, stock, id_product) VALUES (10008, '2023-01-01 14:56:37.059000 +00:00', null, '094', '12', 10004);
INSERT INTO public.product_size (id, creation_date, last_modified_date, name, stock, id_product) VALUES (10009, '2023-01-01 14:56:37.059000 +00:00', null, '008', '15', 10005);
INSERT INTO public.product_size (id, creation_date, last_modified_date, name, stock, id_product) VALUES (10010, '2023-01-01 14:56:37.059000 +00:00', null, '010', '7', 10005);
INSERT INTO public.product_size (id, creation_date, last_modified_date, name, stock, id_product) VALUES (10011, '2023-01-01 14:56:37.059000 +00:00', null, '012', '0', 10005);
INSERT INTO public.product_size (id, creation_date, last_modified_date, name, stock, id_product) VALUES (10012, '2023-01-01 14:56:37.059000 +00:00', null, '014', '2', 10005);
INSERT INTO public.product_size (id, creation_date, last_modified_date, name, stock, id_product) VALUES (10013, '2023-01-01 14:56:37.059000 +00:00', null, '085', '0', 10006);
INSERT INTO public.product_size (id, creation_date, last_modified_date, name, stock, id_product) VALUES (10014, '2023-01-01 14:56:37.059000 +00:00', null, '088', '1', 10006);
INSERT INTO public.product_size (id, creation_date, last_modified_date, name, stock, id_product) VALUES (10015, '2023-01-01 14:56:37.059000 +00:00', null, '091', '7', 10006);
INSERT INTO public.product_size (id, creation_date, last_modified_date, name, stock, id_product) VALUES (10016, '2023-01-01 14:56:37.059000 +00:00', null, '094', '8', 10006);
INSERT INTO public.product_size (id, creation_date, last_modified_date, name, stock, id_product) VALUES (10017, '2023-01-01 14:56:37.059000 +00:00', null, '097', '0', 10006);
INSERT INTO public.product_size (id, creation_date, last_modified_date, name, stock, id_product) VALUES (10018, '2023-01-01 14:56:37.059000 +00:00', null, '090', '8', 10007);
INSERT INTO public.product_size (id, creation_date, last_modified_date, name, stock, id_product) VALUES (10019, '2023-01-01 14:56:37.059000 +00:00', null, '095', '5', 10007);
INSERT INTO public.product_size (id, creation_date, last_modified_date, name, stock, id_product) VALUES (10020, '2023-01-01 14:56:37.059000 +00:00', null, 'D5OHXX02120001', '43', 10008);
INSERT INTO public.product_size (id, creation_date, last_modified_date, name, stock, id_product) VALUES (10021, '2023-01-01 14:56:37.059000 +00:00', null, 'D5OHXX02120002', '77', 10008);
INSERT INTO public.product_size (id, creation_date, last_modified_date, name, stock, id_product) VALUES (10022, '2023-01-01 14:56:37.059000 +00:00', null, 'D5OHXX02120003', '30', 10008);
INSERT INTO public.product_size (id, creation_date, last_modified_date, name, stock, id_product) VALUES (10023, '2023-01-01 14:56:37.059000 +00:00', null, 'D5OHXX02120004', '6', 10008);
INSERT INTO public.product_size (id, creation_date, last_modified_date, name, stock, id_product) VALUES (10024, '2023-01-01 14:56:37.059000 +00:00', null, 'D5OHXX02120005', '9', 10008);
INSERT INTO public.product_size (id, creation_date, last_modified_date, name, stock, id_product) VALUES (10025, '2023-01-01 14:56:37.059000 +00:00', null, '085', '5', 10009);
INSERT INTO public.product_size (id, creation_date, last_modified_date, name, stock, id_product) VALUES (10026, '2023-01-01 14:56:37.059000 +00:00', null, '088', '15', 10009);
INSERT INTO public.product_size (id, creation_date, last_modified_date, name, stock, id_product) VALUES (10027, '2023-01-01 14:56:37.059000 +00:00', null, '091', '7', 10009);
INSERT INTO public.product_size (id, creation_date, last_modified_date, name, stock, id_product) VALUES (10028, '2023-01-01 14:56:37.059000 +00:00', null, '094', '7', 10009);
INSERT INTO public.product_size (id, creation_date, last_modified_date, name, stock, id_product) VALUES (10029, '2023-01-01 14:56:37.059000 +00:00', null, '097', '2', 10009);
INSERT INTO public.product_size (id, creation_date, last_modified_date, name, stock, id_product) VALUES (10030, '2023-01-01 14:56:37.059000 +00:00', null, '085', '0', 10010);
INSERT INTO public.product_size (id, creation_date, last_modified_date, name, stock, id_product) VALUES (10031, '2023-01-01 14:56:37.059000 +00:00', null, '088', '0', 10010);
INSERT INTO public.product_size (id, creation_date, last_modified_date, name, stock, id_product) VALUES (10032, '2023-01-01 14:56:37.059000 +00:00', null, '091', '5', 10010);
INSERT INTO public.product_size (id, creation_date, last_modified_date, name, stock, id_product) VALUES (10033, '2023-01-01 14:56:37.059000 +00:00', null, '00M', '42', 10011);
INSERT INTO public.product_size (id, creation_date, last_modified_date, name, stock, id_product) VALUES (10034, '2023-01-01 14:56:37.059000 +00:00', null, '00S', '6', 10011);
INSERT INTO public.product_size (id, creation_date, last_modified_date, name, stock, id_product) VALUES (10035, '2023-01-01 14:56:37.059000 +00:00', null, '085', '20', 10012);
INSERT INTO public.product_size (id, creation_date, last_modified_date, name, stock, id_product) VALUES (10036, '2023-01-01 14:56:37.059000 +00:00', null, '088', '0', 10012);
INSERT INTO public.product_size (id, creation_date, last_modified_date, name, stock, id_product) VALUES (10037, '2023-01-01 14:56:37.059000 +00:00', null, '091', '0', 10012);
INSERT INTO public.product_size (id, creation_date, last_modified_date, name, stock, id_product) VALUES (10038, '2023-01-01 14:56:37.059000 +00:00', null, '094', '0', 10012);
INSERT INTO public.product_size (id, creation_date, last_modified_date, name, stock, id_product) VALUES (10039, '2023-01-01 14:56:37.059000 +00:00', null, '085', '0', 10013);
INSERT INTO public.product_size (id, creation_date, last_modified_date, name, stock, id_product) VALUES (10040, '2023-01-01 14:56:37.059000 +00:00', null, '088', '3', 10013);
INSERT INTO public.product_size (id, creation_date, last_modified_date, name, stock, id_product) VALUES (10041, '2023-01-01 14:56:37.059000 +00:00', null, '091', '2', 10013);
INSERT INTO public.product_size (id, creation_date, last_modified_date, name, stock, id_product) VALUES (10042, '2023-01-01 14:56:37.059000 +00:00', null, '094', '2', 10013);
INSERT INTO public.product_size (id, creation_date, last_modified_date, name, stock, id_product) VALUES (10043, '2023-01-01 14:56:37.059000 +00:00', null, '036', '12', 10014);
INSERT INTO public.product_size (id, creation_date, last_modified_date, name, stock, id_product) VALUES (10044, '2023-01-01 14:56:37.059000 +00:00', null, '038', '7', 10014);
INSERT INTO public.product_size (id, creation_date, last_modified_date, name, stock, id_product) VALUES (10045, '2023-01-01 14:56:37.059000 +00:00', null, '00M', '5', 10015);
INSERT INTO public.product_size (id, creation_date, last_modified_date, name, stock, id_product) VALUES (10046, '2023-01-01 14:56:37.059000 +00:00', null, '00S', '15', 10015);
INSERT INTO public.product_size (id, creation_date, last_modified_date, name, stock, id_product) VALUES (10047, '2023-01-01 14:56:37.059000 +00:00', null, '085', '6', 10016);
INSERT INTO public.product_size (id, creation_date, last_modified_date, name, stock, id_product) VALUES (10048, '2023-01-01 14:56:37.059000 +00:00', null, '088', '4', 10016);
INSERT INTO public.product_size (id, creation_date, last_modified_date, name, stock, id_product) VALUES (10049, '2023-01-01 14:56:37.059000 +00:00', null, '091', '13', 10016);
INSERT INTO public.product_size (id, creation_date, last_modified_date, name, stock, id_product) VALUES (10050, '2023-01-01 14:56:37.059000 +00:00', null, '094', '11', 10016);
INSERT INTO public.product_size (id, creation_date, last_modified_date, name, stock, id_product) VALUES (10051, '2023-01-01 14:56:37.059000 +00:00', null, '085', '5', 10017);
INSERT INTO public.product_size (id, creation_date, last_modified_date, name, stock, id_product) VALUES (10052, '2023-01-01 14:56:37.059000 +00:00', null, '088', '9', 10017);
INSERT INTO public.product_size (id, creation_date, last_modified_date, name, stock, id_product) VALUES (10053, '2023-01-01 14:56:37.059000 +00:00', null, '091', '2', 10017);
INSERT INTO public.product_size (id, creation_date, last_modified_date, name, stock, id_product) VALUES (10054, '2023-01-01 14:56:37.059000 +00:00', null, '088', '29', 10018);
INSERT INTO public.product_size (id, creation_date, last_modified_date, name, stock, id_product) VALUES (10055, '2023-01-01 14:56:37.059000 +00:00', null, '091', '3', 10018);
INSERT INTO public.product_size (id, creation_date, last_modified_date, name, stock, id_product) VALUES (10056, '2023-01-01 14:56:37.059000 +00:00', null, '094', '1', 10018);
INSERT INTO public.product_size (id, creation_date, last_modified_date, name, stock, id_product) VALUES (10057, '2023-01-01 14:56:37.059000 +00:00', null, '097', '8', 10018);
INSERT INTO public.product_size (id, creation_date, last_modified_date, name, stock, id_product) VALUES (10058, '2023-01-01 14:56:37.059000 +00:00', null, 'XXX', '40', 10019);
INSERT INTO public.product_size (id, creation_date, last_modified_date, name, stock, id_product) VALUES (10059, '2023-01-01 14:56:37.059000 +00:00', null, '090', '5', 10020);
INSERT INTO public.product_size (id, creation_date, last_modified_date, name, stock, id_product) VALUES (10060, '2023-01-01 14:56:37.059000 +00:00', null, '095', '3', 10020);
INSERT INTO public.product_size (id, creation_date, last_modified_date, name, stock, id_product) VALUES (10061, '2023-01-01 14:56:37.059000 +00:00', null, '088', '12', 10021);
INSERT INTO public.product_size (id, creation_date, last_modified_date, name, stock, id_product) VALUES (10062, '2023-01-01 14:56:37.059000 +00:00', null, '091', '0', 10021);
INSERT INTO public.product_size (id, creation_date, last_modified_date, name, stock, id_product) VALUES (10063, '2023-01-01 14:56:37.059000 +00:00', null, '094', '0', 10021);
INSERT INTO public.product_size (id, creation_date, last_modified_date, name, stock, id_product) VALUES (10064, '2023-01-01 14:56:37.059000 +00:00', null, '097', '3', 10021);
INSERT INTO public.product_size (id, creation_date, last_modified_date, name, stock, id_product) VALUES (10065, '2023-01-01 14:56:37.059000 +00:00', null, 'CU15XX00294003', '140', 10022);
INSERT INTO public.product_size (id, creation_date, last_modified_date, name, stock, id_product) VALUES (10066, '2023-01-01 14:56:37.059000 +00:00', null, 'CU15XX00294004', '28', 10022);
INSERT INTO public.product_size (id, creation_date, last_modified_date, name, stock, id_product) VALUES (10067, '2023-01-01 14:56:37.059000 +00:00', null, 'CU15XX00294005', '100', 10022);
INSERT INTO public.product_size (id, creation_date, last_modified_date, name, stock, id_product) VALUES (10068, '2023-01-01 14:56:37.059000 +00:00', null, 'CU15XX00294008', '39', 10022);
INSERT INTO public.product_size (id, creation_date, last_modified_date, name, stock, id_product) VALUES (10069, '2023-01-01 14:56:37.059000 +00:00', null, 'CU15XX00294009', '70', 10022);
INSERT INTO public.product_size (id, creation_date, last_modified_date, name, stock, id_product) VALUES (10070, '2023-01-01 14:56:37.059000 +00:00', null, '085', '9', 10023);
INSERT INTO public.product_size (id, creation_date, last_modified_date, name, stock, id_product) VALUES (10071, '2023-01-01 14:56:37.059000 +00:00', null, '088', '15', 10023);
INSERT INTO public.product_size (id, creation_date, last_modified_date, name, stock, id_product) VALUES (10072, '2023-01-01 14:56:37.059000 +00:00', null, '091', '10', 10023);
INSERT INTO public.product_size (id, creation_date, last_modified_date, name, stock, id_product) VALUES (10073, '2023-01-01 14:56:37.059000 +00:00', null, '094', '10', 10023);
INSERT INTO public.product_size (id, creation_date, last_modified_date, name, stock, id_product) VALUES (10074, '2023-01-01 14:56:37.059000 +00:00', null, '008', '2', 10024);
INSERT INTO public.product_size (id, creation_date, last_modified_date, name, stock, id_product) VALUES (10075, '2023-01-01 14:56:37.059000 +00:00', null, '010', '1', 10024);
INSERT INTO public.product_size (id, creation_date, last_modified_date, name, stock, id_product) VALUES (10076, '2023-01-01 14:56:37.059000 +00:00', null, '012', '0', 10024);
INSERT INTO public.product_size (id, creation_date, last_modified_date, name, stock, id_product) VALUES (10077, '2023-01-01 14:56:37.059000 +00:00', null, '014', '0', 10024);
INSERT INTO public.product_size (id, creation_date, last_modified_date, name, stock, id_product) VALUES (10078, '2023-01-01 14:56:37.059000 +00:00', null, 'DOBIXX00617001', '1', 10025);
INSERT INTO public.product_size (id, creation_date, last_modified_date, name, stock, id_product) VALUES (10079, '2023-01-01 14:56:37.059000 +00:00', null, 'XXX', '36', 10026);
INSERT INTO public.product_size (id, creation_date, last_modified_date, name, stock, id_product) VALUES (10080, '2023-01-01 14:56:37.059000 +00:00', null, 'CU15XX00294009', '3', 10027);
INSERT INTO public.product_size (id, creation_date, last_modified_date, name, stock, id_product) VALUES (10081, '2023-01-01 14:56:37.059000 +00:00', null, '085', '0', 10027);
INSERT INTO public.product_size (id, creation_date, last_modified_date, name, stock, id_product) VALUES (10082, '2023-01-01 14:56:37.059000 +00:00', null, '088', '0', 10027);
INSERT INTO public.product_size (id, creation_date, last_modified_date, name, stock, id_product) VALUES (10083, '2023-01-01 14:56:37.059000 +00:00', null, '091', '0', 10027);
INSERT INTO public.product_size (id, creation_date, last_modified_date, name, stock, id_product) VALUES (10084, '2023-01-01 14:56:37.059000 +00:00', null, '094', '0', 10027);
INSERT INTO public.product_size (id, creation_date, last_modified_date, name, stock, id_product) VALUES (10085, '2023-01-01 14:56:37.059000 +00:00', null, '097', '1', 10027);
INSERT INTO public.product_size (id, creation_date, last_modified_date, name, stock, id_product) VALUES (10086, '2023-01-01 14:56:37.059000 +00:00', null, '00M', '35', 10028);
INSERT INTO public.product_size (id, creation_date, last_modified_date, name, stock, id_product) VALUES (10087, '2023-01-01 14:56:37.059000 +00:00', null, '00S', '41', 10028);
INSERT INTO public.product_size (id, creation_date, last_modified_date, name, stock, id_product) VALUES (10088, '2023-01-01 14:56:37.059000 +00:00', null, 'D1SLXX01803001', '17', 10029);
INSERT INTO public.product_size (id, creation_date, last_modified_date, name, stock, id_product) VALUES (10089, '2023-01-01 14:56:37.059000 +00:00', null, 'D1SLXX01803002', '28', 10029);
INSERT INTO public.product_size (id, creation_date, last_modified_date, name, stock, id_product) VALUES (10090, '2023-01-01 14:56:37.059000 +00:00', null, 'D1SLXX01803003', '20', 10029);
INSERT INTO public.product_size (id, creation_date, last_modified_date, name, stock, id_product) VALUES (10091, '2023-01-01 14:56:37.059000 +00:00', null, 'XXX', '40', 10030);
INSERT INTO public.product_size (id, creation_date, last_modified_date, name, stock, id_product) VALUES (10092, '2023-01-01 14:56:37.059000 +00:00', null, 'D5OHXX02168001', '49', 10032);
INSERT INTO public.product_size (id, creation_date, last_modified_date, name, stock, id_product) VALUES (10093, '2023-01-01 14:56:37.059000 +00:00', null, 'D5OHXX02168002', '32', 10032);
INSERT INTO public.product_size (id, creation_date, last_modified_date, name, stock, id_product) VALUES (10094, '2023-01-01 14:56:37.059000 +00:00', null, '036', '11', 10033);
INSERT INTO public.product_size (id, creation_date, last_modified_date, name, stock, id_product) VALUES (10095, '2023-01-01 14:56:37.059000 +00:00', null, '038', '0', 10033);
INSERT INTO public.product_size (id, creation_date, last_modified_date, name, stock, id_product) VALUES (10096, '2023-01-01 14:56:37.059000 +00:00', null, '00M', '0', 10034);
INSERT INTO public.product_size (id, creation_date, last_modified_date, name, stock, id_product) VALUES (10097, '2023-01-01 14:56:37.059000 +00:00', null, '00S', '0', 10034);
INSERT INTO public.product_size (id, creation_date, last_modified_date, name, stock, id_product) VALUES (10098, '2023-01-01 14:56:37.059000 +00:00', null, '0XS', '0', 10034);
INSERT INTO public.product_size (id, creation_date, last_modified_date, name, stock, id_product) VALUES (10099, '2023-01-01 14:56:37.059000 +00:00', null, '085', '71', 10035);
INSERT INTO public.product_size (id, creation_date, last_modified_date, name, stock, id_product) VALUES (10100, '2023-01-01 14:56:37.059000 +00:00', null, '090', '78', 10035);
INSERT INTO public.product_size (id, creation_date, last_modified_date, name, stock, id_product) VALUES (10101, '2023-01-01 14:56:37.059000 +00:00', null, '095', '58', 10035);
INSERT INTO public.product_size (id, creation_date, last_modified_date, name, stock, id_product) VALUES (10102, '2023-01-01 14:56:37.059000 +00:00', null, 'D1C0XX05188001', '1', 10036);
INSERT INTO public.product_size (id, creation_date, last_modified_date, name, stock, id_product) VALUES (10103, '2023-01-01 14:56:37.059000 +00:00', null, 'D1C0XX05188001', '71', 10036);
INSERT INTO public.product_size (id, creation_date, last_modified_date, name, stock, id_product) VALUES (10104, '2023-01-01 14:56:37.059000 +00:00', null, 'D1C0XX05188001', '46', 10036);
INSERT INTO public.product_size (id, creation_date, last_modified_date, name, stock, id_product) VALUES (10105, '2023-01-01 14:56:37.059000 +00:00', null, 'D1C0XX05188001', '1', 10036);
INSERT INTO public.product_size (id, creation_date, last_modified_date, name, stock, id_product) VALUES (10106, '2023-01-01 14:56:37.059000 +00:00', null, 'XXX', '107', 10037);
INSERT INTO public.product_size (id, creation_date, last_modified_date, name, stock, id_product) VALUES (10107, '2023-01-01 14:56:37.059000 +00:00', null, 'D5OHXX02107001', '3', 10038);
INSERT INTO public.product_size (id, creation_date, last_modified_date, name, stock, id_product) VALUES (10108, '2023-01-01 14:56:37.059000 +00:00', null, 'D5OHXX02107002', '58', 10038);
INSERT INTO public.product_size (id, creation_date, last_modified_date, name, stock, id_product) VALUES (10109, '2023-01-01 14:56:37.059000 +00:00', null, 'D5OHXX02107003', '17', 10038);
INSERT INTO public.product_size (id, creation_date, last_modified_date, name, stock, id_product) VALUES (10110, '2023-01-01 14:56:37.059000 +00:00', null, 'D5OHXX02107004', '10', 10038);
INSERT INTO public.product_size (id, creation_date, last_modified_date, name, stock, id_product) VALUES (10111, '2023-01-01 14:56:37.059000 +00:00', null, 'D5OHXX02107005', '16', 10038);
INSERT INTO public.product_size (id, creation_date, last_modified_date, name, stock, id_product) VALUES (10112, '2023-01-01 14:56:37.059000 +00:00', null, '008', '0', 10039);
INSERT INTO public.product_size (id, creation_date, last_modified_date, name, stock, id_product) VALUES (10113, '2023-01-01 14:56:37.059000 +00:00', null, '010', '7', 10039);
INSERT INTO public.product_size (id, creation_date, last_modified_date, name, stock, id_product) VALUES (10114, '2023-01-01 14:56:37.059000 +00:00', null, '012', '8', 10039);
INSERT INTO public.product_size (id, creation_date, last_modified_date, name, stock, id_product) VALUES (10115, '2023-01-01 14:56:37.059000 +00:00', null, '014', '0', 10039);
INSERT INTO public.product_size (id, creation_date, last_modified_date, name, stock, id_product) VALUES (10116, '2023-01-01 14:56:37.059000 +00:00', null, 'XXX', '40', 10040);
INSERT INTO public.product_size (id, creation_date, last_modified_date, name, stock, id_product) VALUES (10117, '2023-01-01 14:56:37.059000 +00:00', null, '085', '8', 10041);
INSERT INTO public.product_size (id, creation_date, last_modified_date, name, stock, id_product) VALUES (10118, '2023-01-01 14:56:37.059000 +00:00', null, '090', '29', 10041);
INSERT INTO public.product_size (id, creation_date, last_modified_date, name, stock, id_product) VALUES (10119, '2023-01-01 14:56:37.059000 +00:00', null, '095', '23', 10041);
INSERT INTO public.product_size (id, creation_date, last_modified_date, name, stock, id_product) VALUES (10120, '2023-01-01 14:56:37.059000 +00:00', null, '085', '1', 10042);
INSERT INTO public.product_size (id, creation_date, last_modified_date, name, stock, id_product) VALUES (10121, '2023-01-01 14:56:37.059000 +00:00', null, '088', '17', 10042);
INSERT INTO public.product_size (id, creation_date, last_modified_date, name, stock, id_product) VALUES (10122, '2023-01-01 14:56:37.059000 +00:00', null, '091', '6', 10042);
INSERT INTO public.product_size (id, creation_date, last_modified_date, name, stock, id_product) VALUES (10123, '2023-01-01 14:56:37.059000 +00:00', null, '094', '5', 10042);
INSERT INTO public.product_size (id, creation_date, last_modified_date, name, stock, id_product) VALUES (10124, '2023-01-01 14:56:37.059000 +00:00', null, '085', '18', 10043);
INSERT INTO public.product_size (id, creation_date, last_modified_date, name, stock, id_product) VALUES (10125, '2023-01-01 14:56:37.059000 +00:00', null, '088', '18', 10043);
INSERT INTO public.product_size (id, creation_date, last_modified_date, name, stock, id_product) VALUES (10126, '2023-01-01 14:56:37.059000 +00:00', null, '091', '15', 10043);
INSERT INTO public.product_size (id, creation_date, last_modified_date, name, stock, id_product) VALUES (10127, '2023-01-01 14:56:37.059000 +00:00', null, 'D5OHXX01770003', '9', 10044);
INSERT INTO public.product_size (id, creation_date, last_modified_date, name, stock, id_product) VALUES (10128, '2023-01-01 14:56:37.059000 +00:00', null, 'D5OHXX01770003', '4', 10044);
INSERT INTO public.product_size (id, creation_date, last_modified_date, name, stock, id_product) VALUES (10129, '2023-01-01 14:56:37.059000 +00:00', null, '00M', '6', 10045);
INSERT INTO public.product_size (id, creation_date, last_modified_date, name, stock, id_product) VALUES (10130, '2023-01-01 14:56:37.059000 +00:00', null, '00S', '22', 10045);
INSERT INTO public.product_size (id, creation_date, last_modified_date, name, stock, id_product) VALUES (10131, '2023-01-01 14:56:37.059000 +00:00', null, '085', '4', 10046);
INSERT INTO public.product_size (id, creation_date, last_modified_date, name, stock, id_product) VALUES (10132, '2023-01-01 14:56:37.059000 +00:00', null, '088', '8', 10046);
INSERT INTO public.product_size (id, creation_date, last_modified_date, name, stock, id_product) VALUES (10133, '2023-01-01 14:56:37.059000 +00:00', null, '091', '12', 10046);
INSERT INTO public.product_size (id, creation_date, last_modified_date, name, stock, id_product) VALUES (10134, '2023-01-01 14:56:37.059000 +00:00', null, '00M', '5', 10047);
INSERT INTO public.product_size (id, creation_date, last_modified_date, name, stock, id_product) VALUES (10135, '2023-01-01 14:56:37.059000 +00:00', null, '005', '1', 10047);
INSERT INTO public.product_size (id, creation_date, last_modified_date, name, stock, id_product) VALUES (10136, '2023-01-01 14:56:37.059000 +00:00', null, 'D5V9XX00318001', '7', 10048);
INSERT INTO public.product_size (id, creation_date, last_modified_date, name, stock, id_product) VALUES (10137, '2023-01-01 14:56:37.059000 +00:00', null, 'D5V9XX00318002', '7', 10048);
INSERT INTO public.product_size (id, creation_date, last_modified_date, name, stock, id_product) VALUES (10138, '2023-01-01 14:56:37.059000 +00:00', null, 'DMB4XX00180002', '990', 10049);
INSERT INTO public.product_size (id, creation_date, last_modified_date, name, stock, id_product) VALUES (10139, '2023-01-01 14:56:37.059000 +00:00', null, '085', '9', 10050);
INSERT INTO public.product_size (id, creation_date, last_modified_date, name, stock, id_product) VALUES (10140, '2023-01-01 14:56:37.059000 +00:00', null, '088', '20', 10050);
INSERT INTO public.product_size (id, creation_date, last_modified_date, name, stock, id_product) VALUES (10141, '2023-01-01 14:56:37.059000 +00:00', null, '091', '12', 10050);
INSERT INTO public.product_size (id, creation_date, last_modified_date, name, stock, id_product) VALUES (10142, '2023-01-01 14:56:37.059000 +00:00', null, 'D5OHXX01871004', '3', 10051);
INSERT INTO public.product_size (id, creation_date, last_modified_date, name, stock, id_product) VALUES (10143, '2023-01-01 14:56:37.059000 +00:00', null, 'D07SXX00221001', '966', 10052);
INSERT INTO public.product_size (id, creation_date, last_modified_date, name, stock, id_product) VALUES (10144, '2023-01-01 14:56:37.059000 +00:00', null, 'D5NMXX00141001', '7', 10053);
INSERT INTO public.product_size (id, creation_date, last_modified_date, name, stock, id_product) VALUES (10145, '2023-01-01 14:56:37.059000 +00:00', null, 'D5NMXX00141002', '12', 10053);
INSERT INTO public.product_size (id, creation_date, last_modified_date, name, stock, id_product) VALUES (10146, '2023-01-01 14:56:37.059000 +00:00', null, 'D5OHXX01766003', '18', 10054);
INSERT INTO public.product_size (id, creation_date, last_modified_date, name, stock, id_product) VALUES (10147, '2023-01-01 14:56:37.059000 +00:00', null, 'D5OHXX01766004', '11', 10054);
INSERT INTO public.product_size (id, creation_date, last_modified_date, name, stock, id_product) VALUES (10148, '2023-01-01 14:56:37.059000 +00:00', null, 'D5OHXX01766005', '13', 10054);
INSERT INTO public.product_size (id, creation_date, last_modified_date, name, stock, id_product) VALUES (10149, '2023-01-01 14:56:37.059000 +00:00', null, '00M', '78', 10055);
INSERT INTO public.product_size (id, creation_date, last_modified_date, name, stock, id_product) VALUES (10150, '2023-01-01 14:56:37.059000 +00:00', null, '00S', '84', 10055);
INSERT INTO public.product_size (id, creation_date, last_modified_date, name, stock, id_product) VALUES (10151, '2023-01-01 14:56:37.059000 +00:00', null, 'D5OHXX01195001', '61', 10056);
INSERT INTO public.product_size (id, creation_date, last_modified_date, name, stock, id_product) VALUES (10152, '2023-01-01 14:56:37.059000 +00:00', null, 'D5OHXX01195002', '82', 10056);
INSERT INTO public.product_size (id, creation_date, last_modified_date, name, stock, id_product) VALUES (10153, '2023-01-01 14:56:37.059000 +00:00', null, 'D5OHXX01195003', '15', 10056);
INSERT INTO public.product_size (id, creation_date, last_modified_date, name, stock, id_product) VALUES (10154, '2023-01-01 14:56:37.059000 +00:00', null, 'Q823XX08876004', '17', 10057);
INSERT INTO public.product_size (id, creation_date, last_modified_date, name, stock, id_product) VALUES (10155, '2023-01-01 14:56:37.059000 +00:00', null, 'Q823XX08876007', '80', 10057);
INSERT INTO public.product_size (id, creation_date, last_modified_date, name, stock, id_product) VALUES (10156, '2023-01-01 14:56:37.059000 +00:00', null, 'Q823XX08876008', '2', 10057);
INSERT INTO public.product_size (id, creation_date, last_modified_date, name, stock, id_product) VALUES (10157, '2023-01-01 14:56:37.059000 +00:00', null, 'Q823XX08876010', '2', 10057);
INSERT INTO public.product_size (id, creation_date, last_modified_date, name, stock, id_product) VALUES (10158, '2023-01-01 14:56:37.059000 +00:00', null, 'Q823XX08876013', '91', 10057);
INSERT INTO public.product_size (id, creation_date, last_modified_date, name, stock, id_product) VALUES (10159, '2023-01-01 14:56:37.059000 +00:00', null, 'Q823XX08876014', '22', 10057);
INSERT INTO public.product_size (id, creation_date, last_modified_date, name, stock, id_product) VALUES (10160, '2023-01-01 14:56:37.059000 +00:00', null, '00M', '3', 10058);
INSERT INTO public.product_size (id, creation_date, last_modified_date, name, stock, id_product) VALUES (10161, '2023-01-01 14:56:37.059000 +00:00', null, '00S', '0', 10058);
INSERT INTO public.product_size (id, creation_date, last_modified_date, name, stock, id_product) VALUES (10162, '2023-01-01 14:56:37.059000 +00:00', null, 'DVS1XX00120004', '15', 10059);
INSERT INTO public.product_size (id, creation_date, last_modified_date, name, stock, id_product) VALUES (10163, '2023-01-01 14:56:37.059000 +00:00', null, 'XXX', '79', 10060);
INSERT INTO public.product_size (id, creation_date, last_modified_date, name, stock, id_product) VALUES (10164, '2023-01-01 14:56:37.059000 +00:00', null, 'XXX', '167', 10061);
INSERT INTO public.product_size (id, creation_date, last_modified_date, name, stock, id_product) VALUES (10165, '2023-01-01 14:56:37.059000 +00:00', null, '090', '0', 10062);
INSERT INTO public.product_size (id, creation_date, last_modified_date, name, stock, id_product) VALUES (10166, '2023-01-01 14:56:37.059000 +00:00', null, '095', '1', 10062);
INSERT INTO public.product_size (id, creation_date, last_modified_date, name, stock, id_product) VALUES (10167, '2023-01-01 14:56:37.059000 +00:00', null, '100', '4', 10062);
INSERT INTO public.product_size (id, creation_date, last_modified_date, name, stock, id_product) VALUES (10168, '2023-01-01 14:56:37.059000 +00:00', null, '090', '3', 10063);
INSERT INTO public.product_size (id, creation_date, last_modified_date, name, stock, id_product) VALUES (10169, '2023-01-01 14:56:37.059000 +00:00', null, '095', '2', 10063);
INSERT INTO public.product_size (id, creation_date, last_modified_date, name, stock, id_product) VALUES (10170, '2023-01-01 14:56:37.059000 +00:00', null, '100', '4', 10063);
INSERT INTO public.product_size (id, creation_date, last_modified_date, name, stock, id_product) VALUES (10171, '2023-01-01 14:56:37.059000 +00:00', null, 'DVS1XX00061001', '37', 10064);
INSERT INTO public.product_size (id, creation_date, last_modified_date, name, stock, id_product) VALUES (10172, '2023-01-01 14:56:37.059000 +00:00', null, 'DVS1XX00061002', '13', 10064);
INSERT INTO public.product_size (id, creation_date, last_modified_date, name, stock, id_product) VALUES (10173, '2023-01-01 14:56:37.059000 +00:00', null, '085', '39', 10065);
INSERT INTO public.product_size (id, creation_date, last_modified_date, name, stock, id_product) VALUES (10174, '2023-01-01 14:56:37.059000 +00:00', null, '088', '24', 10065);
INSERT INTO public.product_size (id, creation_date, last_modified_date, name, stock, id_product) VALUES (10175, '2023-01-01 14:56:37.059000 +00:00', null, '091', '8', 10065);
INSERT INTO public.product_size (id, creation_date, last_modified_date, name, stock, id_product) VALUES (10176, '2023-01-01 14:56:37.059000 +00:00', null, 'XXX', '40', 10066);
INSERT INTO public.product_size (id, creation_date, last_modified_date, name, stock, id_product) VALUES (10177, '2023-01-01 14:56:37.059000 +00:00', null, 'XXX', '61', 10067);
INSERT INTO public.product_size (id, creation_date, last_modified_date, name, stock, id_product) VALUES (10178, '2023-01-01 14:56:37.059000 +00:00', null, '090', '4', 10068);
INSERT INTO public.product_size (id, creation_date, last_modified_date, name, stock, id_product) VALUES (10179, '2023-01-01 14:56:37.059000 +00:00', null, '095', '11', 10068);
INSERT INTO public.product_size (id, creation_date, last_modified_date, name, stock, id_product) VALUES (10180, '2023-01-01 14:56:37.059000 +00:00', null, '100', '6', 10068);
INSERT INTO public.product_size (id, creation_date, last_modified_date, name, stock, id_product) VALUES (10181, '2023-01-01 14:56:37.059000 +00:00', null, 'S401XX00747001', '14', 10069);
INSERT INTO public.product_size (id, creation_date, last_modified_date, name, stock, id_product) VALUES (10182, '2023-01-01 14:56:37.059000 +00:00', null, 'S401XX00747002', '12', 10069);
INSERT INTO public.product_size (id, creation_date, last_modified_date, name, stock, id_product) VALUES (10183, '2023-01-01 14:56:37.059000 +00:00', null, 'S401XX00747003', '19', 10069);
INSERT INTO public.product_size (id, creation_date, last_modified_date, name, stock, id_product) VALUES (10184, '2023-01-01 14:56:37.059000 +00:00', null, 'XXX', '14', 10070);
INSERT INTO public.product_size (id, creation_date, last_modified_date, name, stock, id_product) VALUES (10185, '2023-01-01 14:56:37.059000 +00:00', null, '085', '8', 10071);
INSERT INTO public.product_size (id, creation_date, last_modified_date, name, stock, id_product) VALUES (10186, '2023-01-01 14:56:37.059000 +00:00', null, '088', '0', 10071);
INSERT INTO public.product_size (id, creation_date, last_modified_date, name, stock, id_product) VALUES (10187, '2023-01-01 14:56:37.059000 +00:00', null, '091', '0', 10071);
INSERT INTO public.product_size (id, creation_date, last_modified_date, name, stock, id_product) VALUES (10188, '2023-01-01 14:56:37.059000 +00:00', null, '094', '0', 10071);
INSERT INTO public.product_size (id, creation_date, last_modified_date, name, stock, id_product) VALUES (10189, '2023-01-01 14:56:37.059000 +00:00', null, 'XXX', '45', 10072);
INSERT INTO public.product_size (id, creation_date, last_modified_date, name, stock, id_product) VALUES (10190, '2023-01-01 14:56:37.059000 +00:00', null, '085', '24', 10073);
INSERT INTO public.product_size (id, creation_date, last_modified_date, name, stock, id_product) VALUES (10191, '2023-01-01 14:56:37.059000 +00:00', null, '088', '39', 10073);
INSERT INTO public.product_size (id, creation_date, last_modified_date, name, stock, id_product) VALUES (10192, '2023-01-01 14:56:37.059000 +00:00', null, '091', '23', 10073);
INSERT INTO public.product_size (id, creation_date, last_modified_date, name, stock, id_product) VALUES (10193, '2023-01-01 14:56:37.059000 +00:00', null, 'S401XX00775001', '7', 10074);
INSERT INTO public.product_size (id, creation_date, last_modified_date, name, stock, id_product) VALUES (10194, '2023-01-01 14:56:37.059000 +00:00', null, 'D1SOXX00031005', '5', 10075);
INSERT INTO public.product_size (id, creation_date, last_modified_date, name, stock, id_product) VALUES (10195, '2023-01-01 14:56:37.059000 +00:00', null, 'D1SOXX00031006', '10', 10075);
INSERT INTO public.product_size (id, creation_date, last_modified_date, name, stock, id_product) VALUES (10196, '2023-01-01 14:56:37.059000 +00:00', null, 'D1SOXX00031007', '3', 10075);
INSERT INTO public.product_size (id, creation_date, last_modified_date, name, stock, id_product) VALUES (10197, '2023-01-01 14:56:37.059000 +00:00', null, 'D1SOXX00031010', '4', 10075);
INSERT INTO public.product_size (id, creation_date, last_modified_date, name, stock, id_product) VALUES (10198, '2023-01-01 14:56:37.059000 +00:00', null, 'D1SOXX00031014', '1', 10075);
INSERT INTO public.product_size (id, creation_date, last_modified_date, name, stock, id_product) VALUES (10199, '2023-01-01 14:56:37.059000 +00:00', null, '00M', '71', 10076);
INSERT INTO public.product_size (id, creation_date, last_modified_date, name, stock, id_product) VALUES (10200, '2023-01-01 14:56:37.059000 +00:00', null, '00S', '100', 10076);
INSERT INTO public.product_size (id, creation_date, last_modified_date, name, stock, id_product) VALUES (10201, '2023-01-01 14:56:37.059000 +00:00', null, '088', '13', 10077);
INSERT INTO public.product_size (id, creation_date, last_modified_date, name, stock, id_product) VALUES (10202, '2023-01-01 14:56:37.059000 +00:00', null, '091', '26', 10077);
INSERT INTO public.product_size (id, creation_date, last_modified_date, name, stock, id_product) VALUES (10203, '2023-01-01 14:56:37.059000 +00:00', null, '094', '19', 10077);
INSERT INTO public.product_size (id, creation_date, last_modified_date, name, stock, id_product) VALUES (10204, '2023-01-01 14:56:37.059000 +00:00', null, 'D1SLXX01848003', '18', 10078);
INSERT INTO public.product_size (id, creation_date, last_modified_date, name, stock, id_product) VALUES (10205, '2023-01-01 14:56:37.059000 +00:00', null, 'D1SLXX01848004', '3', 10078);
INSERT INTO public.product_size (id, creation_date, last_modified_date, name, stock, id_product) VALUES (10206, '2023-01-01 14:56:37.059000 +00:00', null, 'E3P2XX00060001', '16', 10079);
INSERT INTO public.product_size (id, creation_date, last_modified_date, name, stock, id_product) VALUES (10207, '2023-01-01 14:56:37.059000 +00:00', null, '00M', '0', 10080);
INSERT INTO public.product_size (id, creation_date, last_modified_date, name, stock, id_product) VALUES (10208, '2023-01-01 14:56:37.059000 +00:00', null, '00S', '2', 10080);
INSERT INTO public.product_size (id, creation_date, last_modified_date, name, stock, id_product) VALUES (10209, '2023-01-01 14:56:37.059000 +00:00', null, '085', '2', 10081);
INSERT INTO public.product_size (id, creation_date, last_modified_date, name, stock, id_product) VALUES (10210, '2023-01-01 14:56:37.059000 +00:00', null, '088', '17', 10081);
INSERT INTO public.product_size (id, creation_date, last_modified_date, name, stock, id_product) VALUES (10211, '2023-01-01 14:56:37.059000 +00:00', null, '091', '9', 10081);
INSERT INTO public.product_size (id, creation_date, last_modified_date, name, stock, id_product) VALUES (10212, '2023-01-01 14:56:37.059000 +00:00', null, '094', '0', 10081);
INSERT INTO public.product_size (id, creation_date, last_modified_date, name, stock, id_product) VALUES (10213, '2023-01-01 14:56:37.059000 +00:00', null, 'D1SQXX00012004', '63', 10082);
INSERT INTO public.product_size (id, creation_date, last_modified_date, name, stock, id_product) VALUES (10214, '2023-01-01 14:56:37.059000 +00:00', null, 'D1SQXX00012005', '42', 10082);
INSERT INTO public.product_size (id, creation_date, last_modified_date, name, stock, id_product) VALUES (10215, '2023-01-01 14:56:37.059000 +00:00', null, 'D1SQXX00012008', '4', 10082);
INSERT INTO public.product_size (id, creation_date, last_modified_date, name, stock, id_product) VALUES (10216, '2023-01-01 14:56:37.059000 +00:00', null, 'D1SQXX00016001', '26', 10083);
INSERT INTO public.product_size (id, creation_date, last_modified_date, name, stock, id_product) VALUES (10217, '2023-01-01 14:56:37.059000 +00:00', null, 'D1SQXX00016002', '18', 10083);
INSERT INTO public.product_size (id, creation_date, last_modified_date, name, stock, id_product) VALUES (10218, '2023-01-01 14:56:37.059000 +00:00', null, 'D1SQXX00016003', '5', 10083);
INSERT INTO public.product_size (id, creation_date, last_modified_date, name, stock, id_product) VALUES (10219, '2023-01-01 14:56:37.059000 +00:00', null, 'D1SQXX00016005', '30', 10083);
INSERT INTO public.product_size (id, creation_date, last_modified_date, name, stock, id_product) VALUES (10220, '2023-01-01 14:56:37.059000 +00:00', null, 'D1SQXX00016006', '35', 10083);
INSERT INTO public.product_size (id, creation_date, last_modified_date, name, stock, id_product) VALUES (10221, '2023-01-01 14:56:37.059000 +00:00', null, 'D1SQXX00016007', '16', 10083);
INSERT INTO public.product_size (id, creation_date, last_modified_date, name, stock, id_product) VALUES (10222, '2023-01-01 14:56:37.059000 +00:00', null, 'D1SQXX00016009', '34', 10083);
INSERT INTO public.product_size (id, creation_date, last_modified_date, name, stock, id_product) VALUES (10223, '2023-01-01 14:56:37.059000 +00:00', null, 'D1SQXX00016010', '32', 10083);
INSERT INTO public.product_size (id, creation_date, last_modified_date, name, stock, id_product) VALUES (10224, '2023-01-01 14:56:37.059000 +00:00', null, 'D1SQXX00016011', '20', 10083);
INSERT INTO public.product_size (id, creation_date, last_modified_date, name, stock, id_product) VALUES (10225, '2023-01-01 14:56:37.059000 +00:00', null, 'D1SQXX00016013', '32', 10083);
INSERT INTO public.product_size (id, creation_date, last_modified_date, name, stock, id_product) VALUES (10226, '2023-01-01 14:56:37.059000 +00:00', null, 'D1SQXX00016014', '28', 10083);
INSERT INTO public.product_size (id, creation_date, last_modified_date, name, stock, id_product) VALUES (10227, '2023-01-01 14:56:37.059000 +00:00', null, 'D1SQXX00016015', '3', 10083);
INSERT INTO public.product_size (id, creation_date, last_modified_date, name, stock, id_product) VALUES (10228, '2023-01-01 14:56:37.059000 +00:00', null, '085', '0', 10084);
INSERT INTO public.product_size (id, creation_date, last_modified_date, name, stock, id_product) VALUES (10229, '2023-01-01 14:56:37.059000 +00:00', null, '088', '13', 10084);
INSERT INTO public.product_size (id, creation_date, last_modified_date, name, stock, id_product) VALUES (10230, '2023-01-01 14:56:37.059000 +00:00', null, '091', '20', 10084);
INSERT INTO public.product_size (id, creation_date, last_modified_date, name, stock, id_product) VALUES (10231, '2023-01-01 14:56:37.059000 +00:00', null, '094', '1', 10084);
INSERT INTO public.product_size (id, creation_date, last_modified_date, name, stock, id_product) VALUES (10232, '2023-01-01 14:56:37.059000 +00:00', null, 'DVF6XX00179003', '5', 10085);
INSERT INTO public.product_size (id, creation_date, last_modified_date, name, stock, id_product) VALUES (10233, '2023-01-01 14:56:37.059000 +00:00', null, '085', '6', 10086);
INSERT INTO public.product_size (id, creation_date, last_modified_date, name, stock, id_product) VALUES (10234, '2023-01-01 14:56:37.059000 +00:00', null, '088', '4', 10086);
INSERT INTO public.product_size (id, creation_date, last_modified_date, name, stock, id_product) VALUES (10235, '2023-01-01 14:56:37.059000 +00:00', null, '091', '4', 10086);
INSERT INTO public.product_size (id, creation_date, last_modified_date, name, stock, id_product) VALUES (10236, '2023-01-01 14:56:37.059000 +00:00', null, 'DVVBXX00034001', '28', 10087);
INSERT INTO public.product_size (id, creation_date, last_modified_date, name, stock, id_product) VALUES (10237, '2023-01-01 14:56:37.059000 +00:00', null, 'DVVBXX00034002', '29', 10087);
INSERT INTO public.product_size (id, creation_date, last_modified_date, name, stock, id_product) VALUES (10238, '2023-01-01 14:56:37.059000 +00:00', null, 'S401XX00577001', '17', 10088);
INSERT INTO public.product_size (id, creation_date, last_modified_date, name, stock, id_product) VALUES (10239, '2023-01-01 14:56:37.059000 +00:00', null, 'S401XX00241007', '32', 10089);
INSERT INTO public.product_size (id, creation_date, last_modified_date, name, stock, id_product) VALUES (10240, '2023-01-01 14:56:37.059000 +00:00', null, '088', '0', 10090);
INSERT INTO public.product_size (id, creation_date, last_modified_date, name, stock, id_product) VALUES (10241, '2023-01-01 14:56:37.059000 +00:00', null, '091', '0', 10090);
INSERT INTO public.product_size (id, creation_date, last_modified_date, name, stock, id_product) VALUES (10242, '2023-01-01 14:56:37.059000 +00:00', null, '094', '7', 10090);
INSERT INTO public.product_size (id, creation_date, last_modified_date, name, stock, id_product) VALUES (10243, '2023-01-01 14:56:37.059000 +00:00', null, 'BO11XX04293001', '18', 10091);
INSERT INTO public.product_size (id, creation_date, last_modified_date, name, stock, id_product) VALUES (10244, '2023-01-01 14:56:37.059000 +00:00', null, 'BO11XX04293002', '86', 10091);
INSERT INTO public.product_size (id, creation_date, last_modified_date, name, stock, id_product) VALUES (10245, '2023-01-01 14:56:37.059000 +00:00', null, 'DVL5XX00071001', '996', 10092);
INSERT INTO public.product_size (id, creation_date, last_modified_date, name, stock, id_product) VALUES (10246, '2023-01-01 14:56:37.059000 +00:00', null, 'Q823XX10937001', '2', 10093);
INSERT INTO public.product_size (id, creation_date, last_modified_date, name, stock, id_product) VALUES (10247, '2023-01-01 14:56:37.059000 +00:00', null, 'Q823XX10937002', '38', 10093);
INSERT INTO public.product_size (id, creation_date, last_modified_date, name, stock, id_product) VALUES (10248, '2023-01-01 14:56:37.059000 +00:00', null, 'Q823XX10937003', '32', 10093);
INSERT INTO public.product_size (id, creation_date, last_modified_date, name, stock, id_product) VALUES (10249, '2023-01-01 14:56:37.059000 +00:00', null, 'Q823XX10937004', '14', 10093);
INSERT INTO public.product_size (id, creation_date, last_modified_date, name, stock, id_product) VALUES (10250, '2023-01-01 14:56:37.059000 +00:00', null, 'Q823XX10937006', '25', 10093);
INSERT INTO public.product_size (id, creation_date, last_modified_date, name, stock, id_product) VALUES (10251, '2023-01-01 14:56:37.059000 +00:00', null, 'Q823XX10937007', '64', 10093);
INSERT INTO public.product_size (id, creation_date, last_modified_date, name, stock, id_product) VALUES (10252, '2023-01-01 14:56:37.059000 +00:00', null, 'Q823XX10937008', '28', 10093);
INSERT INTO public.product_size (id, creation_date, last_modified_date, name, stock, id_product) VALUES (10253, '2023-01-01 14:56:37.059000 +00:00', null, 'Q823XX10937009', '23', 10093);
INSERT INTO public.product_size (id, creation_date, last_modified_date, name, stock, id_product) VALUES (10254, '2023-01-01 14:56:37.059000 +00:00', null, 'Q823XX10937011', '58', 10093);
INSERT INTO public.product_size (id, creation_date, last_modified_date, name, stock, id_product) VALUES (10255, '2023-01-01 14:56:37.059000 +00:00', null, 'Q823XX10937014', '14', 10093);
INSERT INTO public.product_size (id, creation_date, last_modified_date, name, stock, id_product) VALUES (10256, '2023-01-01 14:56:37.059000 +00:00', null, 'Q823XX10937015', '22', 10093);
INSERT INTO public.product_size (id, creation_date, last_modified_date, name, stock, id_product) VALUES (10257, '2023-01-01 14:56:37.059000 +00:00', null, 'Q823XX10937016', '2', 10093);
INSERT INTO public.product_size (id, creation_date, last_modified_date, name, stock, id_product) VALUES (10258, '2023-01-01 14:56:37.059000 +00:00', null, 'Q823XX10937019', '3', 10093);
INSERT INTO public.product_size (id, creation_date, last_modified_date, name, stock, id_product) VALUES (10259, '2023-01-01 14:56:37.059000 +00:00', null, 'Q823XX10937021', '4', 10093);
INSERT INTO public.product_size (id, creation_date, last_modified_date, name, stock, id_product) VALUES (10260, '2023-01-01 14:56:37.059000 +00:00', null, 'Q823XX10937022', '28', 10093);
INSERT INTO public.product_size (id, creation_date, last_modified_date, name, stock, id_product) VALUES (10261, '2023-01-01 14:56:37.059000 +00:00', null, 'Q823XX10937023', '25', 10093);
INSERT INTO public.product_size (id, creation_date, last_modified_date, name, stock, id_product) VALUES (10262, '2023-01-01 14:56:37.059000 +00:00', null, 'Q823XX10937024', '2', 10093);
INSERT INTO public.product_size (id, creation_date, last_modified_date, name, stock, id_product) VALUES (10263, '2023-01-01 14:56:37.059000 +00:00', null, 'Q823XX09155004', '4', 10094);
INSERT INTO public.product_size (id, creation_date, last_modified_date, name, stock, id_product) VALUES (10264, '2023-01-01 14:56:37.059000 +00:00', null, 'Q823XX09155005', '2', 10094);
INSERT INTO public.product_size (id, creation_date, last_modified_date, name, stock, id_product) VALUES (10265, '2023-01-01 14:56:37.059000 +00:00', null, 'Q823XX09155006', '2', 10094);
INSERT INTO public.product_size (id, creation_date, last_modified_date, name, stock, id_product) VALUES (10266, '2023-01-01 14:56:37.059000 +00:00', null, 'Q823XX09155007', '14', 10094);
INSERT INTO public.product_size (id, creation_date, last_modified_date, name, stock, id_product) VALUES (10267, '2023-01-01 14:56:37.059000 +00:00', null, '00L', '61', 10095);
INSERT INTO public.product_size (id, creation_date, last_modified_date, name, stock, id_product) VALUES (10268, '2023-01-01 14:56:37.059000 +00:00', null, '00M', '94', 10095);
INSERT INTO public.product_size (id, creation_date, last_modified_date, name, stock, id_product) VALUES (10269, '2023-01-01 14:56:37.059000 +00:00', null, '00S', '76', 10095);
INSERT INTO public.product_size (id, creation_date, last_modified_date, name, stock, id_product) VALUES (10270, '2023-01-01 14:56:37.059000 +00:00', null, '067', '0', 10096);
INSERT INTO public.product_size (id, creation_date, last_modified_date, name, stock, id_product) VALUES (10271, '2023-01-01 14:56:37.059000 +00:00', null, '073', '0', 10096);
INSERT INTO public.product_size (id, creation_date, last_modified_date, name, stock, id_product) VALUES (10272, '2023-01-01 14:56:37.059000 +00:00', null, '076', '0', 10096);
INSERT INTO public.product_size (id, creation_date, last_modified_date, name, stock, id_product) VALUES (10273, '2023-01-01 14:56:37.059000 +00:00', null, '082', '12', 10096);
INSERT INTO public.product_size (id, creation_date, last_modified_date, name, stock, id_product) VALUES (10274, '2023-01-01 14:56:37.059000 +00:00', null, '067', '33', 10097);
INSERT INTO public.product_size (id, creation_date, last_modified_date, name, stock, id_product) VALUES (10275, '2023-01-01 14:56:37.059000 +00:00', null, '073', '50', 10097);
INSERT INTO public.product_size (id, creation_date, last_modified_date, name, stock, id_product) VALUES (10276, '2023-01-01 14:56:37.059000 +00:00', null, '076', '48', 10097);
INSERT INTO public.product_size (id, creation_date, last_modified_date, name, stock, id_product) VALUES (10277, '2023-01-01 14:56:37.059000 +00:00', null, '082', '35', 10097);
INSERT INTO public.product_size (id, creation_date, last_modified_date, name, stock, id_product) VALUES (10278, '2023-01-01 14:56:37.059000 +00:00', null, '00L', '8', 10098);
INSERT INTO public.product_size (id, creation_date, last_modified_date, name, stock, id_product) VALUES (10279, '2023-01-01 14:56:37.059000 +00:00', null, '00M', '16', 10098);
INSERT INTO public.product_size (id, creation_date, last_modified_date, name, stock, id_product) VALUES (10280, '2023-01-01 14:56:37.059000 +00:00', null, '00S', '21', 10098);
INSERT INTO public.product_size (id, creation_date, last_modified_date, name, stock, id_product) VALUES (10281, '2023-01-01 14:56:37.059000 +00:00', null, '067', '50', 10099);
INSERT INTO public.product_size (id, creation_date, last_modified_date, name, stock, id_product) VALUES (10282, '2023-01-01 14:56:37.059000 +00:00', null, '073', '55', 10099);
INSERT INTO public.product_size (id, creation_date, last_modified_date, name, stock, id_product) VALUES (10283, '2023-01-01 14:56:37.059000 +00:00', null, '076', '43', 10099);
INSERT INTO public.product_size (id, creation_date, last_modified_date, name, stock, id_product) VALUES (10284, '2023-01-01 14:56:37.059000 +00:00', null, '082', '32', 10099);
INSERT INTO public.product_size (id, creation_date, last_modified_date, name, stock, id_product) VALUES (10285, '2023-01-01 14:56:37.059000 +00:00', null, 'BS74XX00207001', '13', 10100);
INSERT INTO public.product_size (id, creation_date, last_modified_date, name, stock, id_product) VALUES (10286, '2023-01-01 14:56:37.059000 +00:00', null, 'BS74XX00207002', '23', 10100);
INSERT INTO public.product_size (id, creation_date, last_modified_date, name, stock, id_product) VALUES (10287, '2023-01-01 14:56:37.059000 +00:00', null, 'BS74XX00207003', '27', 10100);
INSERT INTO public.product_size (id, creation_date, last_modified_date, name, stock, id_product) VALUES (10288, '2023-01-01 14:56:37.059000 +00:00', null, 'BS74XX00207004', '9', 10100);
INSERT INTO public.product_size (id, creation_date, last_modified_date, name, stock, id_product) VALUES (10289, '2023-01-01 14:56:37.059000 +00:00', null, 'BS74XX00207013', '8', 10100);
INSERT INTO public.product_size (id, creation_date, last_modified_date, name, stock, id_product) VALUES (10290, '2023-01-01 14:56:37.059000 +00:00', null, 'BS74XX00207015', '5', 10100);
INSERT INTO public.product_size (id, creation_date, last_modified_date, name, stock, id_product) VALUES (10291, '2023-01-01 14:56:37.059000 +00:00', null, 'BS74XX00207016', '17', 10100);
INSERT INTO public.product_size (id, creation_date, last_modified_date, name, stock, id_product) VALUES (10292, '2023-01-01 14:56:37.059000 +00:00', null, 'D5OHXX02144001', '30', 10101);
INSERT INTO public.product_size (id, creation_date, last_modified_date, name, stock, id_product) VALUES (10293, '2023-01-01 14:56:37.059000 +00:00', null, 'D5OHXX02144002', '35', 10101);
INSERT INTO public.product_size (id, creation_date, last_modified_date, name, stock, id_product) VALUES (10294, '2023-01-01 14:56:37.059000 +00:00', null, 'D5OHXX02144004', '4', 10101);
INSERT INTO public.product_size (id, creation_date, last_modified_date, name, stock, id_product) VALUES (10295, '2023-01-01 14:56:37.059000 +00:00', null, '067', '6', 10103);
INSERT INTO public.product_size (id, creation_date, last_modified_date, name, stock, id_product) VALUES (10296, '2023-01-01 14:56:37.059000 +00:00', null, '073', '4', 10103);
INSERT INTO public.product_size (id, creation_date, last_modified_date, name, stock, id_product) VALUES (10297, '2023-01-01 14:56:37.059000 +00:00', null, '076', '5', 10103);
INSERT INTO public.product_size (id, creation_date, last_modified_date, name, stock, id_product) VALUES (10298, '2023-01-01 14:56:37.059000 +00:00', null, '082', '7', 10103);
INSERT INTO public.product_size (id, creation_date, last_modified_date, name, stock, id_product) VALUES (10299, '2023-01-01 14:56:37.059000 +00:00', null, '067', '31', 10104);
INSERT INTO public.product_size (id, creation_date, last_modified_date, name, stock, id_product) VALUES (10300, '2023-01-01 14:56:37.059000 +00:00', null, '073', '12', 10104);
INSERT INTO public.product_size (id, creation_date, last_modified_date, name, stock, id_product) VALUES (10301, '2023-01-01 14:56:37.059000 +00:00', null, '076', '0', 10104);
INSERT INTO public.product_size (id, creation_date, last_modified_date, name, stock, id_product) VALUES (10302, '2023-01-01 14:56:37.059000 +00:00', null, '00M', '47', 10105);
INSERT INTO public.product_size (id, creation_date, last_modified_date, name, stock, id_product) VALUES (10303, '2023-01-01 14:56:37.059000 +00:00', null, '00S', '46', 10105);
INSERT INTO public.product_size (id, creation_date, last_modified_date, name, stock, id_product) VALUES (10304, '2023-01-01 14:56:37.059000 +00:00', null, '067', '10', 10106);
INSERT INTO public.product_size (id, creation_date, last_modified_date, name, stock, id_product) VALUES (10305, '2023-01-01 14:56:37.059000 +00:00', null, '073', '15', 10106);
INSERT INTO public.product_size (id, creation_date, last_modified_date, name, stock, id_product) VALUES (10306, '2023-01-01 14:56:37.059000 +00:00', null, '076', '8', 10106);
INSERT INTO public.product_size (id, creation_date, last_modified_date, name, stock, id_product) VALUES (10307, '2023-01-01 14:56:37.059000 +00:00', null, '00M', '47', 10107);
INSERT INTO public.product_size (id, creation_date, last_modified_date, name, stock, id_product) VALUES (10308, '2023-01-01 14:56:37.059000 +00:00', null, '00S', '8', 10107);
INSERT INTO public.product_size (id, creation_date, last_modified_date, name, stock, id_product) VALUES (10309, '2023-01-01 14:56:37.059000 +00:00', null, '00M', '47', 10108);
INSERT INTO public.product_size (id, creation_date, last_modified_date, name, stock, id_product) VALUES (10310, '2023-01-01 14:56:37.059000 +00:00', null, '00S', '20', 10108);
INSERT INTO public.product_size (id, creation_date, last_modified_date, name, stock, id_product) VALUES (10311, '2023-01-01 14:56:37.059000 +00:00', null, '036', '15', 10109);
INSERT INTO public.product_size (id, creation_date, last_modified_date, name, stock, id_product) VALUES (10312, '2023-01-01 14:56:37.059000 +00:00', null, '038', '10', 10109);
INSERT INTO public.product_size (id, creation_date, last_modified_date, name, stock, id_product) VALUES (10313, '2023-01-01 14:56:37.059000 +00:00', null, '00M', '2', 10110);
INSERT INTO public.product_size (id, creation_date, last_modified_date, name, stock, id_product) VALUES (10314, '2023-01-01 14:56:37.059000 +00:00', null, '00S', '24', 10110);
INSERT INTO public.product_size (id, creation_date, last_modified_date, name, stock, id_product) VALUES (10315, '2023-01-01 14:56:37.059000 +00:00', null, 'CU32XX02809001', '19', 10111);
INSERT INTO public.product_size (id, creation_date, last_modified_date, name, stock, id_product) VALUES (10316, '2023-01-01 14:56:37.059000 +00:00', null, '067', '36', 10112);
INSERT INTO public.product_size (id, creation_date, last_modified_date, name, stock, id_product) VALUES (10317, '2023-01-01 14:56:37.059000 +00:00', null, '073', '8', 10112);
INSERT INTO public.product_size (id, creation_date, last_modified_date, name, stock, id_product) VALUES (10318, '2023-01-01 14:56:37.059000 +00:00', null, '076', '0', 10112);
INSERT INTO public.product_size (id, creation_date, last_modified_date, name, stock, id_product) VALUES (10319, '2023-01-01 14:56:37.059000 +00:00', null, '00M', '49', 10113);
INSERT INTO public.product_size (id, creation_date, last_modified_date, name, stock, id_product) VALUES (10320, '2023-01-01 14:56:37.059000 +00:00', null, '00S', '45', 10113);
INSERT INTO public.product_size (id, creation_date, last_modified_date, name, stock, id_product) VALUES (10321, '2023-01-01 14:56:37.059000 +00:00', null, '00M', '35', 10114);
INSERT INTO public.product_size (id, creation_date, last_modified_date, name, stock, id_product) VALUES (10322, '2023-01-01 14:56:37.059000 +00:00', null, '00S', '19', 10114);
INSERT INTO public.product_size (id, creation_date, last_modified_date, name, stock, id_product) VALUES (10323, '2023-01-01 14:56:37.059000 +00:00', null, 'M988XX01051001', '966', 10115);
INSERT INTO public.product_size (id, creation_date, last_modified_date, name, stock, id_product) VALUES (10324, '2023-01-01 14:56:37.059000 +00:00', null, 'M988XX01051002', '966', 10115);
INSERT INTO public.product_size (id, creation_date, last_modified_date, name, stock, id_product) VALUES (10325, '2023-01-01 14:56:37.059000 +00:00', null, 'M988XX01051003', '976', 10115);
INSERT INTO public.product_size (id, creation_date, last_modified_date, name, stock, id_product) VALUES (10326, '2023-01-01 14:56:37.059000 +00:00', null, 'DI8EXX00966001', '32', 10116);
INSERT INTO public.product_size (id, creation_date, last_modified_date, name, stock, id_product) VALUES (10327, '2023-01-01 14:56:37.059000 +00:00', null, 'H130XX02122001', '976', 10117);
INSERT INTO public.product_size (id, creation_date, last_modified_date, name, stock, id_product) VALUES (10328, '2023-01-01 14:56:37.059000 +00:00', null, 'DI8EXX01424001', '458', 10118);
INSERT INTO public.product_size (id, creation_date, last_modified_date, name, stock, id_product) VALUES (10329, '2023-01-01 14:56:37.059000 +00:00', null, 'DI8EXX01424002', '200', 10118);
INSERT INTO public.product_size (id, creation_date, last_modified_date, name, stock, id_product) VALUES (10330, '2023-01-01 14:56:37.059000 +00:00', null, 'DI8EXX01424003', '134', 10118);
INSERT INTO public.product_size (id, creation_date, last_modified_date, name, stock, id_product) VALUES (10331, '2023-01-01 14:56:37.059000 +00:00', null, 'DI8EXX01424004', '215', 10118);
INSERT INTO public.product_size (id, creation_date, last_modified_date, name, stock, id_product) VALUES (10332, '2023-01-01 14:56:37.059000 +00:00', null, 'DI8EXX01424005', '160', 10118);
INSERT INTO public.product_size (id, creation_date, last_modified_date, name, stock, id_product) VALUES (10333, '2023-01-01 14:56:37.059000 +00:00', null, 'DI8EXX01424006', '101', 10118);
INSERT INTO public.product_size (id, creation_date, last_modified_date, name, stock, id_product) VALUES (10334, '2023-01-01 14:56:37.059000 +00:00', null, 'DI8EXX01424007', '159', 10118);
INSERT INTO public.product_size (id, creation_date, last_modified_date, name, stock, id_product) VALUES (10335, '2023-01-01 14:56:37.059000 +00:00', null, 'DI8EXX01424008', '67', 10118);
INSERT INTO public.product_size (id, creation_date, last_modified_date, name, stock, id_product) VALUES (10336, '2023-01-01 14:56:37.059000 +00:00', null, 'DI8EXX01424009', '11', 10118);
INSERT INTO public.product_size (id, creation_date, last_modified_date, name, stock, id_product) VALUES (10337, '2023-01-01 14:56:37.059000 +00:00', null, 'DI8EXX01424011', '49', 10118);
INSERT INTO public.product_size (id, creation_date, last_modified_date, name, stock, id_product) VALUES (10338, '2023-01-01 14:56:37.059000 +00:00', null, 'DI8EXX01424012', '31', 10118);
INSERT INTO public.product_size (id, creation_date, last_modified_date, name, stock, id_product) VALUES (10339, '2023-01-01 14:56:37.059000 +00:00', null, 'M988XX01037001', '973', 10119);
INSERT INTO public.product_size (id, creation_date, last_modified_date, name, stock, id_product) VALUES (10340, '2023-01-01 14:56:37.059000 +00:00', null, 'M988XX01037002', '986', 10119);
INSERT INTO public.product_size (id, creation_date, last_modified_date, name, stock, id_product) VALUES (10341, '2023-01-01 14:56:37.059000 +00:00', null, 'M988XX01037003', '996', 10119);
INSERT INTO public.product_size (id, creation_date, last_modified_date, name, stock, id_product) VALUES (10342, '2023-01-01 14:56:37.059000 +00:00', null, 'BQ74XX00948001', '99', 10120);
INSERT INTO public.product_size (id, creation_date, last_modified_date, name, stock, id_product) VALUES (10343, '2023-01-01 14:56:37.059000 +00:00', null, 'BQ74XX00948002', '100', 10120);
INSERT INTO public.product_size (id, creation_date, last_modified_date, name, stock, id_product) VALUES (10344, '2023-01-01 14:56:37.059000 +00:00', null, 'BQ74XX00948003', '100', 10120);
INSERT INTO public.product_size (id, creation_date, last_modified_date, name, stock, id_product) VALUES (10345, '2023-01-01 14:56:37.059000 +00:00', null, 'BQ74XX00948004', '99', 10120);
INSERT INTO public.product_size (id, creation_date, last_modified_date, name, stock, id_product) VALUES (10346, '2023-01-01 14:56:37.059000 +00:00', null, 'BQ74XX00948005', '98', 10120);
INSERT INTO public.product_size (id, creation_date, last_modified_date, name, stock, id_product) VALUES (10347, '2023-01-01 14:56:37.059000 +00:00', null, 'BQ74XX00948006', '97', 10120);
INSERT INTO public.product_size (id, creation_date, last_modified_date, name, stock, id_product) VALUES (10348, '2023-01-01 14:56:37.059000 +00:00', null, 'BQ74XX00948007', '100', 10120);
INSERT INTO public.product_size (id, creation_date, last_modified_date, name, stock, id_product) VALUES (10349, '2023-01-01 14:56:37.059000 +00:00', null, 'BQ74XX00948008', null, 10120);
INSERT INTO public.product_size (id, creation_date, last_modified_date, name, stock, id_product) VALUES (10350, '2023-01-01 14:56:37.059000 +00:00', null, 'BQ74XX00948009', '99', 10120);
INSERT INTO public.product_size (id, creation_date, last_modified_date, name, stock, id_product) VALUES (10351, '2023-01-01 14:56:37.059000 +00:00', null, 'BQ74XX00948010', '99', 10120);
INSERT INTO public.product_size (id, creation_date, last_modified_date, name, stock, id_product) VALUES (10352, '2023-01-01 14:56:37.059000 +00:00', null, 'BQ74XX00948011', '100', 10120);
INSERT INTO public.product_size (id, creation_date, last_modified_date, name, stock, id_product) VALUES (10353, '2023-01-01 14:56:37.059000 +00:00', null, 'BQ74XX00948012', '98', 10120);
INSERT INTO public.product_size (id, creation_date, last_modified_date, name, stock, id_product) VALUES (10354, '2023-01-01 14:56:37.059000 +00:00', null, 'BQ74XX00948013', '100', 10120);
INSERT INTO public.product_size (id, creation_date, last_modified_date, name, stock, id_product) VALUES (10355, '2023-01-01 14:56:37.059000 +00:00', null, 'BQ74XX00948014', '98', 10120);
INSERT INTO public.product_size (id, creation_date, last_modified_date, name, stock, id_product) VALUES (10356, '2023-01-01 14:56:37.059000 +00:00', null, 'BQ74XX00948015', '99', 10120);
INSERT INTO public.product_size (id, creation_date, last_modified_date, name, stock, id_product) VALUES (10357, '2023-01-01 14:56:37.059000 +00:00', null, 'BQ74XX00948016', '100', 10120);
INSERT INTO public.product_size (id, creation_date, last_modified_date, name, stock, id_product) VALUES (10358, '2023-01-01 14:56:37.059000 +00:00', null, 'BQ74XX00948017', '95', 10120);
INSERT INTO public.product_size (id, creation_date, last_modified_date, name, stock, id_product) VALUES (10359, '2023-01-01 14:56:37.059000 +00:00', null, 'BQ74XX00948018', '96', 10120);
INSERT INTO public.product_size (id, creation_date, last_modified_date, name, stock, id_product) VALUES (10360, '2023-01-01 14:56:37.059000 +00:00', null, 'BQ74XX00948019', '94', 10120);
INSERT INTO public.product_size (id, creation_date, last_modified_date, name, stock, id_product) VALUES (10361, '2023-01-01 14:56:37.059000 +00:00', null, 'BQ74XX00948020', '99', 10120);
INSERT INTO public.product_size (id, creation_date, last_modified_date, name, stock, id_product) VALUES (10362, '2023-01-01 14:56:37.059000 +00:00', null, 'DI8EXX01394001', '67', 10121);
INSERT INTO public.product_size (id, creation_date, last_modified_date, name, stock, id_product) VALUES (10363, '2023-01-01 14:56:37.059000 +00:00', null, 'DI8EXX01394003', '38', 10121);
INSERT INTO public.product_size (id, creation_date, last_modified_date, name, stock, id_product) VALUES (10364, '2023-01-01 14:56:37.059000 +00:00', null, 'DI8EXX01394004', '50', 10121);
INSERT INTO public.product_size (id, creation_date, last_modified_date, name, stock, id_product) VALUES (10365, '2023-01-01 14:56:37.059000 +00:00', null, 'DI8EXX01394005', '153', 10121);
INSERT INTO public.product_size (id, creation_date, last_modified_date, name, stock, id_product) VALUES (10366, '2023-01-01 14:56:37.059000 +00:00', null, 'DI8EXX01394006', '245', 10121);
INSERT INTO public.product_size (id, creation_date, last_modified_date, name, stock, id_product) VALUES (10367, '2023-01-01 14:56:37.059000 +00:00', null, 'DI8EXX01394007', '100', 10121);
INSERT INTO public.product_size (id, creation_date, last_modified_date, name, stock, id_product) VALUES (10368, '2023-01-01 14:56:37.059000 +00:00', null, 'DI8EXX01394008', '126', 10121);
INSERT INTO public.product_size (id, creation_date, last_modified_date, name, stock, id_product) VALUES (10369, '2023-01-01 14:56:37.059000 +00:00', null, 'DI8EXX00783001', '88', 10122);
INSERT INTO public.product_size (id, creation_date, last_modified_date, name, stock, id_product) VALUES (10370, '2023-01-01 14:56:37.059000 +00:00', null, 'DI8EXX01410001', '29', 10123);
INSERT INTO public.product_size (id, creation_date, last_modified_date, name, stock, id_product) VALUES (10371, '2023-01-01 14:56:37.059000 +00:00', null, 'DI8EXX01410002', '10', 10123);
INSERT INTO public.product_size (id, creation_date, last_modified_date, name, stock, id_product) VALUES (10372, '2023-01-01 14:56:37.059000 +00:00', null, 'DI8EXX00957001', '8', 10124);
INSERT INTO public.product_size (id, creation_date, last_modified_date, name, stock, id_product) VALUES (10373, '2023-01-01 14:56:37.059000 +00:00', null, 'BQ74XX00998001', '100', 10125);
INSERT INTO public.product_size (id, creation_date, last_modified_date, name, stock, id_product) VALUES (10374, '2023-01-01 14:56:37.059000 +00:00', null, 'BQ74XX00998002', '100', 10125);
INSERT INTO public.product_size (id, creation_date, last_modified_date, name, stock, id_product) VALUES (10375, '2023-01-01 14:56:37.059000 +00:00', null, 'BQ74XX00998003', '99', 10125);
INSERT INTO public.product_size (id, creation_date, last_modified_date, name, stock, id_product) VALUES (10376, '2023-01-01 14:56:37.059000 +00:00', null, 'BQ74XX00998004', '100', 10125);
INSERT INTO public.product_size (id, creation_date, last_modified_date, name, stock, id_product) VALUES (10377, '2023-01-01 14:56:37.059000 +00:00', null, 'BQ74XX00998005', '99', 10125);
INSERT INTO public.product_size (id, creation_date, last_modified_date, name, stock, id_product) VALUES (10378, '2023-01-01 14:56:37.059000 +00:00', null, 'BQ74XX00998006', '98', 10125);
INSERT INTO public.product_size (id, creation_date, last_modified_date, name, stock, id_product) VALUES (10379, '2023-01-01 14:56:37.059000 +00:00', null, 'BQ74XX00998007', '99', 10125);
INSERT INTO public.product_size (id, creation_date, last_modified_date, name, stock, id_product) VALUES (10380, '2023-01-01 14:56:37.059000 +00:00', null, 'BQ74XX00998008', '100', 10125);
INSERT INTO public.product_size (id, creation_date, last_modified_date, name, stock, id_product) VALUES (10381, '2023-01-01 14:56:37.059000 +00:00', null, 'BQ74XX00998009', '100', 10125);
INSERT INTO public.product_size (id, creation_date, last_modified_date, name, stock, id_product) VALUES (10382, '2023-01-01 14:56:37.059000 +00:00', null, 'D78OXX00571001', '22', 10126);
INSERT INTO public.product_size (id, creation_date, last_modified_date, name, stock, id_product) VALUES (10383, '2023-01-01 14:56:37.059000 +00:00', null, 'D78OXX00571006', '35', 10126);
INSERT INTO public.product_size (id, creation_date, last_modified_date, name, stock, id_product) VALUES (10384, '2023-01-01 14:56:37.059000 +00:00', null, 'D78OXX00571007', '32', 10126);
INSERT INTO public.product_size (id, creation_date, last_modified_date, name, stock, id_product) VALUES (10385, '2023-01-01 14:56:37.059000 +00:00', null, 'D78OXX00641001', '27', 10127);
INSERT INTO public.product_size (id, creation_date, last_modified_date, name, stock, id_product) VALUES (10386, '2023-01-01 14:56:37.059000 +00:00', null, 'D78OXX00641003', '5', 10127);
INSERT INTO public.product_size (id, creation_date, last_modified_date, name, stock, id_product) VALUES (10387, '2023-01-01 14:56:37.059000 +00:00', null, 'D78OXX00641011', '48', 10127);
INSERT INTO public.product_size (id, creation_date, last_modified_date, name, stock, id_product) VALUES (10388, '2023-01-01 14:56:37.059000 +00:00', null, 'D78OXX00641002', '26', 10127);
INSERT INTO public.product_size (id, creation_date, last_modified_date, name, stock, id_product) VALUES (10389, '2023-01-01 14:56:37.059000 +00:00', null, 'D78OXX00641004', '5', 10127);
INSERT INTO public.product_size (id, creation_date, last_modified_date, name, stock, id_product) VALUES (10390, '2023-01-01 14:56:37.059000 +00:00', null, 'D78OXX00848001', '90', 10128);
INSERT INTO public.product_size (id, creation_date, last_modified_date, name, stock, id_product) VALUES (10391, '2023-01-01 14:56:37.059000 +00:00', null, 'D78OXX00848002', '30', 10128);
INSERT INTO public.product_size (id, creation_date, last_modified_date, name, stock, id_product) VALUES (10392, '2023-01-01 14:56:37.059000 +00:00', null, 'D78OXX00848003', '24', 10128);
INSERT INTO public.product_size (id, creation_date, last_modified_date, name, stock, id_product) VALUES (10393, '2023-01-01 14:56:37.059000 +00:00', null, 'D78OXX00848004', '30', 10128);
INSERT INTO public.product_size (id, creation_date, last_modified_date, name, stock, id_product) VALUES (10394, '2023-01-01 14:56:37.059000 +00:00', null, 'D78OXX00848005', '37', 10128);
INSERT INTO public.product_size (id, creation_date, last_modified_date, name, stock, id_product) VALUES (10395, '2023-01-01 14:56:37.059000 +00:00', null, 'D78OXX00848006', null, 10128);
INSERT INTO public.product_size (id, creation_date, last_modified_date, name, stock, id_product) VALUES (10396, '2023-01-01 14:56:37.059000 +00:00', null, 'D78OXX00848007', '65', 10128);
INSERT INTO public.product_size (id, creation_date, last_modified_date, name, stock, id_product) VALUES (10397, '2023-01-01 14:56:37.059000 +00:00', null, 'D78OXX00848008', '8', 10128);
INSERT INTO public.product_size (id, creation_date, last_modified_date, name, stock, id_product) VALUES (10398, '2023-01-01 14:56:37.059000 +00:00', null, 'D78OXX00848009', '7', 10128);
INSERT INTO public.product_size (id, creation_date, last_modified_date, name, stock, id_product) VALUES (10399, '2023-01-01 14:56:37.059000 +00:00', null, 'D78OXX00848010', '9', 10128);
INSERT INTO public.product_size (id, creation_date, last_modified_date, name, stock, id_product) VALUES (10400, '2023-01-01 14:56:37.059000 +00:00', null, 'D78OXX00848011', '13', 10128);
INSERT INTO public.product_size (id, creation_date, last_modified_date, name, stock, id_product) VALUES (10401, '2023-01-01 14:56:37.059000 +00:00', null, 'D78OXX00848012', null, 10128);
INSERT INTO public.product_size (id, creation_date, last_modified_date, name, stock, id_product) VALUES (10402, '2023-01-01 14:56:37.059000 +00:00', null, 'D78OXX00848013', '76', 10128);
INSERT INTO public.product_size (id, creation_date, last_modified_date, name, stock, id_product) VALUES (10403, '2023-01-01 14:56:37.059000 +00:00', null, 'D78OXX00848014', '24', 10128);
INSERT INTO public.product_size (id, creation_date, last_modified_date, name, stock, id_product) VALUES (10404, '2023-01-01 14:56:37.059000 +00:00', null, 'D78OXX00848015', '28', 10128);
INSERT INTO public.product_size (id, creation_date, last_modified_date, name, stock, id_product) VALUES (10405, '2023-01-01 14:56:37.059000 +00:00', null, 'D78OXX00848016', '10', 10128);
INSERT INTO public.product_size (id, creation_date, last_modified_date, name, stock, id_product) VALUES (10406, '2023-01-01 14:56:37.059000 +00:00', null, 'D78OXX00848017', '17', 10128);
INSERT INTO public.product_size (id, creation_date, last_modified_date, name, stock, id_product) VALUES (10407, '2023-01-01 14:56:37.059000 +00:00', null, 'D78OXX00848018', '5', 10128);
INSERT INTO public.product_size (id, creation_date, last_modified_date, name, stock, id_product) VALUES (10408, '2023-01-01 14:56:37.059000 +00:00', null, 'D78OXX00848019', '98', 10128);
INSERT INTO public.product_size (id, creation_date, last_modified_date, name, stock, id_product) VALUES (10409, '2023-01-01 14:56:37.059000 +00:00', null, 'D78OXX00848020', '74', 10128);
INSERT INTO public.product_size (id, creation_date, last_modified_date, name, stock, id_product) VALUES (10410, '2023-01-01 14:56:37.059000 +00:00', null, 'D78OXX00848021', '67', 10128);
INSERT INTO public.product_size (id, creation_date, last_modified_date, name, stock, id_product) VALUES (10411, '2023-01-01 14:56:37.059000 +00:00', null, 'D78OXX00848022', '64', 10128);
INSERT INTO public.product_size (id, creation_date, last_modified_date, name, stock, id_product) VALUES (10412, '2023-01-01 14:56:37.059000 +00:00', null, 'D78OXX00848023', '61', 10128);
INSERT INTO public.product_size (id, creation_date, last_modified_date, name, stock, id_product) VALUES (10413, '2023-01-01 14:56:37.059000 +00:00', null, 'D78OXX00848024', '16', 10128);
INSERT INTO public.product_size (id, creation_date, last_modified_date, name, stock, id_product) VALUES (10414, '2023-01-01 14:56:37.059000 +00:00', null, 'A435XX08049001', '3', 10129);
INSERT INTO public.product_size (id, creation_date, last_modified_date, name, stock, id_product) VALUES (10415, '2023-01-01 14:56:37.059000 +00:00', null, 'A435XX08049006', '9', 10129);
INSERT INTO public.product_size (id, creation_date, last_modified_date, name, stock, id_product) VALUES (10416, '2023-01-01 14:56:37.059000 +00:00', null, 'A435XX08049006', '33', 10129);
INSERT INTO public.product_size (id, creation_date, last_modified_date, name, stock, id_product) VALUES (10417, '2023-01-01 14:56:37.059000 +00:00', null, 'A433XX08406001', '11', 10130);
INSERT INTO public.product_size (id, creation_date, last_modified_date, name, stock, id_product) VALUES (10418, '2023-01-01 14:56:37.059000 +00:00', null, 'A433XX08406002', '14', 10130);
INSERT INTO public.product_size (id, creation_date, last_modified_date, name, stock, id_product) VALUES (10419, '2023-01-01 14:56:37.059000 +00:00', null, 'A433XX08406003', '27', 10130);
INSERT INTO public.product_size (id, creation_date, last_modified_date, name, stock, id_product) VALUES (10420, '2023-01-01 14:56:37.059000 +00:00', null, 'A433XX08406004', '14', 10130);
INSERT INTO public.product_size (id, creation_date, last_modified_date, name, stock, id_product) VALUES (10421, '2023-01-01 14:56:37.059000 +00:00', null, 'D6A5XX01226001', '16', 10131);
INSERT INTO public.product_size (id, creation_date, last_modified_date, name, stock, id_product) VALUES (10422, '2023-01-01 14:56:37.059000 +00:00', null, 'D6A5XX01226002', '22', 10131);
INSERT INTO public.product_size (id, creation_date, last_modified_date, name, stock, id_product) VALUES (10423, '2023-01-01 14:56:37.059000 +00:00', null, 'D6A5XX01226003', '51', 10131);
INSERT INTO public.product_size (id, creation_date, last_modified_date, name, stock, id_product) VALUES (10424, '2023-01-01 14:56:37.059000 +00:00', null, 'D6A5XX01226004', '52', 10131);
INSERT INTO public.product_size (id, creation_date, last_modified_date, name, stock, id_product) VALUES (10425, '2023-01-01 14:56:37.059000 +00:00', null, 'D6A5XX01226005', '39', 10131);
INSERT INTO public.product_size (id, creation_date, last_modified_date, name, stock, id_product) VALUES (10426, '2023-01-01 14:56:37.059000 +00:00', null, 'D78OXX00941010', '21', 10132);
INSERT INTO public.product_size (id, creation_date, last_modified_date, name, stock, id_product) VALUES (10427, '2023-01-01 14:56:37.059000 +00:00', null, 'A435XX08051001', '21', 10133);
INSERT INTO public.product_size (id, creation_date, last_modified_date, name, stock, id_product) VALUES (10428, '2023-01-01 14:56:37.059000 +00:00', null, 'A435XX08051002', '25', 10133);
INSERT INTO public.product_size (id, creation_date, last_modified_date, name, stock, id_product) VALUES (10429, '2023-01-01 14:56:37.059000 +00:00', null, 'A435XX08051003', '25', 10133);
INSERT INTO public.product_size (id, creation_date, last_modified_date, name, stock, id_product) VALUES (10430, '2023-01-01 14:56:37.059000 +00:00', null, 'A435XX08051004', '45', 10133);
INSERT INTO public.product_size (id, creation_date, last_modified_date, name, stock, id_product) VALUES (10431, '2023-01-01 14:56:37.059000 +00:00', null, 'A435XX08051005', '52', 10133);
INSERT INTO public.product_size (id, creation_date, last_modified_date, name, stock, id_product) VALUES (10432, '2023-01-01 14:56:37.059000 +00:00', null, 'A435XX08051006', '38', 10133);
INSERT INTO public.product_size (id, creation_date, last_modified_date, name, stock, id_product) VALUES (10433, '2023-01-01 14:56:37.059000 +00:00', null, 'D1C9XX01284029', '29', 10134);
INSERT INTO public.product_size (id, creation_date, last_modified_date, name, stock, id_product) VALUES (10434, '2023-01-01 14:56:37.059000 +00:00', null, 'D1C9XX01284030', '48', 10134);
INSERT INTO public.product_size (id, creation_date, last_modified_date, name, stock, id_product) VALUES (10435, '2023-01-01 14:56:37.059000 +00:00', null, 'D1C9XX01284031', '28', 10134);
INSERT INTO public.product_size (id, creation_date, last_modified_date, name, stock, id_product) VALUES (10436, '2023-01-01 14:56:37.059000 +00:00', null, 'D1C9XX01284032', '28', 10134);
INSERT INTO public.product_size (id, creation_date, last_modified_date, name, stock, id_product) VALUES (10437, '2023-01-01 14:56:37.059000 +00:00', null, 'D1C9XX01284033', '24', 10134);
INSERT INTO public.product_size (id, creation_date, last_modified_date, name, stock, id_product) VALUES (10438, '2023-01-01 14:56:37.059000 +00:00', null, 'D1C9XX01284036', '9', 10134);
INSERT INTO public.product_size (id, creation_date, last_modified_date, name, stock, id_product) VALUES (10439, '2023-01-01 14:56:37.059000 +00:00', null, 'D1C9XX01284037', '14', 10134);
INSERT INTO public.product_size (id, creation_date, last_modified_date, name, stock, id_product) VALUES (10440, '2023-01-01 14:56:37.059000 +00:00', null, 'D1C9XX01284040', '8', 10134);
INSERT INTO public.product_size (id, creation_date, last_modified_date, name, stock, id_product) VALUES (10441, '2023-01-01 14:56:37.059000 +00:00', null, 'D1C9XX01284043', '7', 10134);
INSERT INTO public.product_size (id, creation_date, last_modified_date, name, stock, id_product) VALUES (10442, '2023-01-01 14:56:37.059000 +00:00', null, 'D1C9XX01284044', '27', 10134);
INSERT INTO public.product_size (id, creation_date, last_modified_date, name, stock, id_product) VALUES (10443, '2023-01-01 14:56:37.059000 +00:00', null, 'D1C9XX01284045', '6', 10134);
INSERT INTO public.product_size (id, creation_date, last_modified_date, name, stock, id_product) VALUES (10444, '2023-01-01 14:56:37.059000 +00:00', null, 'D1C9XX01284046', '33', 10134);
INSERT INTO public.product_size (id, creation_date, last_modified_date, name, stock, id_product) VALUES (10445, '2023-01-01 14:56:37.059000 +00:00', null, 'D1C9XX01284050', '63', 10134);
INSERT INTO public.product_size (id, creation_date, last_modified_date, name, stock, id_product) VALUES (10446, '2023-01-01 14:56:37.059000 +00:00', null, 'D1C9XX01284051', '74', 10134);
INSERT INTO public.product_size (id, creation_date, last_modified_date, name, stock, id_product) VALUES (10447, '2023-01-01 14:56:37.059000 +00:00', null, 'D1C9XX01284052', '86', 10134);
INSERT INTO public.product_size (id, creation_date, last_modified_date, name, stock, id_product) VALUES (10448, '2023-01-01 14:56:37.059000 +00:00', null, 'D1C9XX01284053', '91', 10134);
INSERT INTO public.product_size (id, creation_date, last_modified_date, name, stock, id_product) VALUES (10449, '2023-01-01 14:56:37.059000 +00:00', null, 'D1C9XX01284054', '77', 10134);
INSERT INTO public.product_size (id, creation_date, last_modified_date, name, stock, id_product) VALUES (10450, '2023-01-01 14:56:37.059000 +00:00', null, 'D1C9XX01284055', '50', 10134);
INSERT INTO public.product_size (id, creation_date, last_modified_date, name, stock, id_product) VALUES (10451, '2023-01-01 14:56:37.059000 +00:00', null, 'D1C9XX01284056', '9', 10134);
INSERT INTO public.product_size (id, creation_date, last_modified_date, name, stock, id_product) VALUES (10452, '2023-01-01 14:56:37.059000 +00:00', null, 'D6A5XX01448001', '22', 10135);
INSERT INTO public.product_size (id, creation_date, last_modified_date, name, stock, id_product) VALUES (10453, '2023-01-01 14:56:37.059000 +00:00', null, 'D6A5XX01448002', '24', 10135);
INSERT INTO public.product_size (id, creation_date, last_modified_date, name, stock, id_product) VALUES (10454, '2023-01-01 14:56:37.059000 +00:00', null, 'D6A5XX01448003', '46', 10135);
INSERT INTO public.product_size (id, creation_date, last_modified_date, name, stock, id_product) VALUES (10455, '2023-01-01 14:56:37.059000 +00:00', null, 'D6A5XX01448004', '57', 10135);
INSERT INTO public.product_size (id, creation_date, last_modified_date, name, stock, id_product) VALUES (10456, '2023-01-01 14:56:37.059000 +00:00', null, 'D6A5XX01448005', '44', 10135);
INSERT INTO public.product_size (id, creation_date, last_modified_date, name, stock, id_product) VALUES (10457, '2023-01-01 14:56:37.059000 +00:00', null, 'D6A5XX01448006', '6', 10135);
INSERT INTO public.product_size (id, creation_date, last_modified_date, name, stock, id_product) VALUES (10458, '2023-01-01 14:56:37.059000 +00:00', null, 'A433XX08978001', '7', 10136);

-- product_review

INSERT INTO public.product_review (id, creation_date, last_modified_date, best_review_yn, color_review, content, id_member, image_url, order_color, order_size, review_type, score, size_review, title, id_product) VALUES (10000, '2023-02-14 14:56:37.059000 +00:00', null, 'Y', 'BRIGHTER', '배송도 빠르고 옷 이쁘네요 받고 기분 좋아졌어요 깔끔하고 고급스러워요 넘맘에드네요^^ 이뻐요!', 'hah*****', 'https://nimg.lfmall.co.kr/file/WAS/reviewPath/2023/600/haha_vs65zdf4k89i072ddqnh.jpg', '블랙', 'XXX', 'PHOTO', '5', 'RIGHT', '배송도 빠르고 옷 ...', 10000);
INSERT INTO public.product_review (id, creation_date, last_modified_date, best_review_yn, color_review, content, id_member, image_url, order_color, order_size, review_type, score, size_review, title, id_product) VALUES (10001, '2023-03-22 14:56:37.059000 +00:00', null, 'N', 'SAME', '캐쥬얼하게 잘 입을 수 있을거 같아요\n평소 트레이닝복을 자주 입어서 걸치니 딱 좋네요\n근데 팔 움직일때마다 ㅋㅋ나는 소리는 어쩔수없는듯 ', 'man*******', null, '블랙', 'XXX', 'TEXT', '5', 'RIGHT', '캐쥬얼하게 잘 입을...', 10000);
INSERT INTO public.product_review (id, creation_date, last_modified_date, best_review_yn, color_review, content, id_member, image_url, order_color, order_size, review_type, score, size_review, title, id_product) VALUES (10002, '2023-03-21 14:56:37.059000 +00:00', null, 'N', 'SAME', '아니…가죽은 맞는데요 겉으로 보이는 질감은 새틴이에요\n그래서 오히려 좋아요 새틴보다 관리하기 부담스럽지 않으면서 이쁘니까요 그리구 핏도 정말 넉넉하니 적당히 박시하고\n할인 많이 받아 삿는데 가격대비 너무 좋은 품질이에요\n요즘 옷값 너무 올라서 20.30그냥 하던데 오래 고민하고 찾아보고 산 보람이 있네요 간절기 가을 까지도 유행안타고 오래오래 활용할수 있을거 같아요', 'ber******', 'https://nimg.lfmall.co.kr/file/WAS/reviewPath/2023/600/berr_1c0b0yf861k8c8flgtjp.jpeg', '블랙', 'XXX', 'PHOTO', '5', 'RIGHT', '아니…가죽은 맞는데...', 10000);
INSERT INTO public.product_review (id, creation_date, last_modified_date, best_review_yn, color_review, content, id_member, image_url, order_color, order_size, review_type, score, size_review, title, id_product) VALUES (10003, '2023-03-20 14:56:37.059000 +00:00', null, 'N', 'SAME', '옷도 이쁘고\n어디에도 코디하기 편하네요.\n가격 좋을때 사니깐 더욱 좋네요.\n', 'kyu*******', null, '블랙', 'XXX', 'TEXT', '5', 'RIGHT', '옷도 이쁘고\n어디에...', 10000);
INSERT INTO public.product_review (id, creation_date, last_modified_date, best_review_yn, color_review, content, id_member, image_url, order_color, order_size, review_type, score, size_review, title, id_product) VALUES (10004, '2023-03-20 14:56:37.059000 +00:00', null, 'N', 'SAME', '어깨 낙낙하고편해요 기장도 괜찮고 뽀인트 라인이 만족스러워요!', 'dr2***', 'https://nimg.lfmall.co.kr/file/WAS/reviewPath/2023/600/dr2m_ckrxdxhg3048bk267f7r.jpg', '블랙', 'XXX', 'PHOTO', '5', 'RIGHT', '어깨 낙낙하고편해요...', 10000);
INSERT INTO public.product_review (id, creation_date, last_modified_date, best_review_yn, color_review, content, id_member, image_url, order_color, order_size, review_type, score, size_review, title, id_product) VALUES (10005, '2023-03-17 14:56:37.059000 +00:00', null, 'N', 'SAME', '박시한 스타일에 점퍼가 필요했는데 완전 만족합니다 색상도 디자인도 맘에들어요 ', 'Sjy****', null, '블랙', 'XXX', 'TEXT', '5', 'RIGHT', '박시한 스타일에 점...', 10000);
INSERT INTO public.product_review (id, creation_date, last_modified_date, best_review_yn, color_review, content, id_member, image_url, order_color, order_size, review_type, score, size_review, title, id_product) VALUES (10006, '2023-03-12 14:56:37.059000 +00:00', null, 'N', 'SAME', '박시하지만 스타일리쉬하게 소화가능해요~ 팔이긴편이라  맘에 들고 벨벳인듯 가죽인듯보이는 질감도 더 맘에 드네요!', 'bol*****', 'https://nimg.lfmall.co.kr/file/WAS/reviewPath/2023/600/bols_wuj2lmogt63rh0y6qh5i.jpg', '블랙', 'XXX', 'PHOTO', '5', 'RIGHT', '박시하지만 스타일리...', 10000);
INSERT INTO public.product_review (id, creation_date, last_modified_date, best_review_yn, color_review, content, id_member, image_url, order_color, order_size, review_type, score, size_review, title, id_product) VALUES (10007, '2023-03-11 14:56:37.059000 +00:00', null, 'N', 'SAME', '딸아이 선물로 사줬어요.\n흰색 라인이 들어가서 환해 보이는 느낌도 있고 재질도 특이해서 아주 마음에 든다고 합니다.', 'evc****', null, '블랙', 'XXX', 'TEXT', '5', 'RIGHT', '딸아이 선물로 사줬...', 10000);
INSERT INTO public.product_review (id, creation_date, last_modified_date, best_review_yn, color_review, content, id_member, image_url, order_color, order_size, review_type, score, size_review, title, id_product) VALUES (10008, '2023-03-09 14:56:37.059000 +00:00', null, 'N', 'SAME', '오버사이즈로 편하게 입기 좋은 봄 아우터입니다!\n다른 색상도 있었으면 좋겠어요 ㅎㅎ', 'jiy****', null, '블랙', 'XXX', 'TEXT', '4', 'RIGHT', '오버사이즈로 편하게...', 10000);
INSERT INTO public.product_review (id, creation_date, last_modified_date, best_review_yn, color_review, content, id_member, image_url, order_color, order_size, review_type, score, size_review, title, id_product) VALUES (10009, '2023-03-07 14:56:37.059000 +00:00', null, 'N', 'SAME', '벨벳 소재인줄 알고 주문했는데.\n인조 가죽이네요. 생각했던 소재는 아닌데.\n입어보니\n캐주얼하게 입기 좋네요.', 'app*****', 'https://nimg.lfmall.co.kr/file/WAS/reviewPath/2023/600/appl_n6yp34w22898cmzkn2bt.jpg', '블랙', 'XXX', 'PHOTO', '5', 'RIGHT', '벨벳 소재인줄 알고...', 10000);
INSERT INTO public.product_review (id, creation_date, last_modified_date, best_review_yn, color_review, content, id_member, image_url, order_color, order_size, review_type, score, size_review, title, id_product) VALUES (10010, '2023-03-05 14:56:37.059000 +00:00', null, 'N', 'SAME', '생각보다 오버핏이구 화면돠 같아요 가죽이라서 냄새가 좀 나지만 잘 입을게요', 'skw*******', null, '블랙', 'XXX', 'TEXT', '5', 'BIG', '생각보다 오버핏이구...', 10000);
INSERT INTO public.product_review (id, creation_date, last_modified_date, best_review_yn, color_review, content, id_member, image_url, order_color, order_size, review_type, score, size_review, title, id_product) VALUES (10011, '2023-03-03 14:56:37.059000 +00:00', null, 'N', 'SAME', '실물이 더 멋스러워요 벨벳소재처럼 보이는데 만져보면 뽀독뽀독 레자입니다 화이트라인 때문에 스포티해보이는데 전 그포인트가 좋네요', 'w_w*****', 'https://nimg.lfmall.co.kr/file/WAS/reviewPath/2023/600/w_wh_0irzu2880ob4rm57mmnh.jpeg', '블랙', 'XXX', 'PHOTO', '5', 'BIG', '실물이 더 멋스러워...', 10000);
INSERT INTO public.product_review (id, creation_date, last_modified_date, best_review_yn, color_review, content, id_member, image_url, order_color, order_size, review_type, score, size_review, title, id_product) VALUES (10012, '2023-02-28 14:56:37.059000 +00:00', null, 'N', 'SAME', '적당한 광택감 때문에 고급져 보이네요.\n사이즈도 낙낙하니 좋아요.\n날씨 풀려서 빨리 입고 싶어요', 'sy0***', 'https://nimg.lfmall.co.kr/file/WAS/reviewPath/2023/600/sy06_go1co0900h1m925fuw66.jpg', '블랙', 'XXX', 'PHOTO', '5', 'RIGHT', '적당한 광택감 때문...', 10000);
INSERT INTO public.product_review (id, creation_date, last_modified_date, best_review_yn, color_review, content, id_member, image_url, order_color, order_size, review_type, score, size_review, title, id_product) VALUES (10013, '2023-02-28 14:56:37.059000 +00:00', null, 'N', 'SAME', '측면에서 A라인으로 촥 떨어지는 핏이라 예쁜데\n화이트 라인이 실제로 입었을때 더 부각되는 것 같아\n스포티한 느낌이 커서 고민하다 반품했어요', 'sou*****', null, '블랙', 'XXX', 'TEXT', '5', 'RIGHT', '측면에서 A라인으로...', 10000);
INSERT INTO public.product_review (id, creation_date, last_modified_date, best_review_yn, color_review, content, id_member, image_url, order_color, order_size, review_type, score, size_review, title, id_product) VALUES (10014, '2023-02-21 14:56:37.059000 +00:00', null, 'N', 'SAME', '좀 더 오버핏을 원했지만 봄에 입기 좋은 핏인거 같아요^^ 팔 소매통은 넓더라구요 체크하세요~', 'xog******', null, '블랙', 'XXX', 'TEXT', '5', 'RIGHT', '좀 더 오버핏을 원...', 10000);
INSERT INTO public.product_review (id, creation_date, last_modified_date, best_review_yn, color_review, content, id_member, image_url, order_color, order_size, review_type, score, size_review, title, id_product) VALUES (10015, '2023-02-18 14:56:37.059000 +00:00', null, 'N', 'SAME', '배송이 엄청빠르네요~생각했던것보다 더 깔끔한것같고 고급스러워서 만족합니다', 'ryu****', 'https://nimg.lfmall.co.kr/file/WAS/reviewPath/2023/600/ryua_gyc5m2308g7o109ti735.jpeg', '블랙', 'XXX', 'PHOTO', '5', 'BIG', '배송이 엄청빠르네요...', 10000);
INSERT INTO public.product_review (id, creation_date, last_modified_date, best_review_yn, color_review, content, id_member, image_url, order_color, order_size, review_type, score, size_review, title, id_product) VALUES (10016, '2023-03-21 14:56:37.059000 +00:00', null, 'Y', 'SAME', '색감이 예쁘네요 지금 입기 좋아요 선물잘했습니다\n라인도 살짝 들어가있어서 청바지에 코디하기좋아요', 'you*****', 'https://nimg.lfmall.co.kr/file/WAS/reviewPath/2023/600/youn_sx0a56bor27g7lwbq072.jpg', '크림', '014', 'PHOTO', '5', 'RIGHT', '색감이 예쁘네요 지...', 10001);
INSERT INTO public.product_review (id, creation_date, last_modified_date, best_review_yn, color_review, content, id_member, image_url, order_color, order_size, review_type, score, size_review, title, id_product) VALUES (10017, '2023-03-19 14:56:37.059000 +00:00', null, 'N', 'SAME', '간절기에 입을옷필요해서 주문했어요 얇은거같은데  안에 니트입고입으니 춥지는 않네요', 'gks*****', 'https://nimg.lfmall.co.kr/file/WAS/reviewPath/2023/600/gksk_ii4rz0lk7904e16ik862.jpg', '네이비', '010', 'TEXT', '5', 'RIGHT', '간절기에 입을옷필요...', 10001);
INSERT INTO public.product_review (id, creation_date, last_modified_date, best_review_yn, color_review, content, id_member, image_url, order_color, order_size, review_type, score, size_review, title, id_product) VALUES (10018, '2023-03-17 14:56:37.059000 +00:00', null, 'N', 'SAME', '옷도 편하고 맘에듭니다!!\r\n환절기에 입기 너무 좋아요~!', 'skd******', null, '네이비', '010', 'TEXT', '5', 'RIGHT', '옷도 편하고 맘에듭...', 10001);
INSERT INTO public.product_review (id, creation_date, last_modified_date, best_review_yn, color_review, content, id_member, image_url, order_color, order_size, review_type, score, size_review, title, id_product) VALUES (10019, '2023-03-12 14:56:37.059000 +00:00', null, 'N', 'SAME', '66반인데 12 잘 맞습니다\n너무 예뻐용!!!! 봄가을 입기 딱이예요', 'c08*****', null, '네이비', '012', 'TEXT', '5', 'RIGHT', '66반인데 12 잘...', 10001);
INSERT INTO public.product_review (id, creation_date, last_modified_date, best_review_yn, color_review, content, id_member, image_url, order_color, order_size, review_type, score, size_review, title, id_product) VALUES (10020, '2023-03-11 14:56:37.059000 +00:00', null, 'N', 'SAME', '친구 선물해줬는데 너무 좋아합니다 잘 어울리네요 가볍고 이뻐요!!!!', 'cho*****', 'https://nimg.lfmall.co.kr/file/WAS/reviewPath/2023/600/choi_p9284zt12r03kef7qwx5.jpg', '네이비', '012', 'PHOTO', '5', 'RIGHT', '친구 선물해줬는데 ...', 10001);
INSERT INTO public.product_review (id, creation_date, last_modified_date, best_review_yn, color_review, content, id_member, image_url, order_color, order_size, review_type, score, size_review, title, id_product) VALUES (10021, '2023-03-10 14:56:37.059000 +00:00', null, 'N', 'SAME', '얇고 가벼우면서 바람은 막아줘서 좋아요!! 데일리로 잘 입어질거 같아요', 'pig*****', null, '네이비', '012', 'TEXT', '5', 'RIGHT', '얇고 가벼우면서 바...', 10001);
INSERT INTO public.product_review (id, creation_date, last_modified_date, best_review_yn, color_review, content, id_member, image_url, order_color, order_size, review_type, score, size_review, title, id_product) VALUES (10022, '2023-03-10 14:56:37.059000 +00:00', null, 'N', 'SAME', '변덕스런 3월날씨에 딱이네요\n아침.저녁으로 입기에 너무 좋아요\n좋아하는 브랜드라 만족합니다^^', 'app******', 'https://nimg.lfmall.co.kr/file/WAS/reviewPath/2023/600/appl_07413v2eoc7bk8am2lbp.jpg', '네이비', '010', 'PHOTO', '5', 'RIGHT', '변덕스런 3월날씨에...', 10001);
INSERT INTO public.product_review (id, creation_date, last_modified_date, best_review_yn, color_review, content, id_member, image_url, order_color, order_size, review_type, score, size_review, title, id_product) VALUES (10023, '2023-03-09 14:56:37.059000 +00:00', null, 'N', 'BRIGHTER', '팔도 긴편이고 어깨도 1자로 있는편이라 12 \n넉넉하고 사이즈 좋아요.', 'jin********', null, '크림', '012', 'TEXT', '5', 'BIG', '팔도 긴편이고 어깨...', 10001);
INSERT INTO public.product_review (id, creation_date, last_modified_date, best_review_yn, color_review, content, id_member, image_url, order_color, order_size, review_type, score, size_review, title, id_product) VALUES (10024, '2023-03-09 14:56:37.059000 +00:00', null, 'N', 'SAME', '팔이 길어서 수선해서 입었네요\n색상도 예쁘고 핏도 좋아요', 'csj***', null, '크림', '014', 'TEXT', '5', 'RIGHT', '팔이 길어서 수선해...', 10001);
INSERT INTO public.product_review (id, creation_date, last_modified_date, best_review_yn, color_review, content, id_member, image_url, order_color, order_size, review_type, score, size_review, title, id_product) VALUES (10049, '2023-03-21 14:56:37.059000 +00:00', null, 'Y', 'SAME', '백화점에서 보고 너무 아른거려서~온라인으로 주문했어요~ 봄가을 간절기에 입기 편하고 옷이 너무 이뻐요~\n', 'jjg*******', null, '블랙', '088', 'TEXT', '5', 'RIGHT', '백화점에서 보고 너...', 10006);
INSERT INTO public.product_review (id, creation_date, last_modified_date, best_review_yn, color_review, content, id_member, image_url, order_color, order_size, review_type, score, size_review, title, id_product) VALUES (10025, '2023-03-01 14:56:37.059000 +00:00', null, 'N', 'SAME', '제품은 잘받았습니다.\n그런데 별점을 4점 준 이유는 \n아쉽게도 카라부분에 작은 흠짓이 있어서\n반품교환하기 귀찮아서 그냥 입기로 했어요\n그건만 없었다면 대 만족입니다.~~^\n', 'sin******', null, '네이비', '010', 'TEXT', '4', 'RIGHT', '제품은 잘받았습니다..', 10001);
INSERT INTO public.product_review (id, creation_date, last_modified_date, best_review_yn, color_review, content, id_member, image_url, order_color, order_size, review_type, score, size_review, title, id_product) VALUES (10026, '2023-02-28 14:56:37.059000 +00:00', null, 'N', 'SAME', '버버리퀼팅자켓보단 살짝 얇아요. 그래서 더가볍고 착용감이 좋습니다. 얇아도 바람막이가 돼서인지 춥진않네요. 3월에 입기 딱입니다~^^', 'Kan*****', null, '네이비', '010', 'TEXT', '5', 'RIGHT', '버버리퀼팅자켓보단', 10001);
INSERT INTO public.product_review (id, creation_date, last_modified_date, best_review_yn, color_review, content, id_member, image_url, order_color, order_size, review_type, score, size_review, title, id_product) VALUES (10027, '2023-02-25 14:56:37.059000 +00:00', null, 'N', 'SAME', '봄자켓 이것저것 다 보다가 \n그냥 기본이 낫겠다 싶어서 주문했어요 이쁘네요', 'ma0***', 'https://nimg.lfmall.co.kr/file/WAS/reviewPath/2023/600/ma01_7q45zdd7e7v6fg0444xz.jpeg', '크림', '010', 'PHOTO', '5', 'RIGHT', '봄자켓 이것저것 다...', 10001);
INSERT INTO public.product_review (id, creation_date, last_modified_date, best_review_yn, color_review, content, id_member, image_url, order_color, order_size, review_type, score, size_review, title, id_product) VALUES (10028, '2023-02-24 14:56:37.059000 +00:00', null, 'N', 'SAME', '55,55반 입는데  어깨 넓이 때문에 10사이즈가 불편함이 없이 여유도 있고  편안하니 좋아요. 색상은 원하던색이고. 다른곳에서 신청했다 여기 판매하는 걸 알고 취소, 아이보리색은 가격도 차이가 많이 안나고 배송도 빨라 lf에서  신청했습니다. 날씨 조금 풀리면. 잘 입을 것 같어요', 'cay*******', 'https://nimg.lfmall.co.kr/file/WAS/reviewPath/2023/600/caye_n69awd9m181e89b52l6y.jpg', '크림', '010', 'PHOTO', '5', 'RIGHT', '55,55반 입는데...', 10001);
INSERT INTO public.product_review (id, creation_date, last_modified_date, best_review_yn, color_review, content, id_member, image_url, order_color, order_size, review_type, score, size_review, title, id_product) VALUES (10029, '2023-01-12 14:56:37.059000 +00:00', null, 'N', 'BRIGHTER', '생각한 핏이 아니네요. 미운건 아니지만 사람이 작아보여요', 'pan******', null, '블랙', 'XXX', 'TEXT', '3', 'SMALL', '생각한 핏이 아니네...', 10002);
INSERT INTO public.product_review (id, creation_date, last_modified_date, best_review_yn, color_review, content, id_member, image_url, order_color, order_size, review_type, score, size_review, title, id_product) VALUES (10030, '2022-04-13 14:56:37.059000 +00:00', null, 'N', 'SAME', '사이즈가 프리라서 클까봐 걱정했는데~~잘 맞고 쌀쌀할데 막 걸치기가 좋네요', 'yuj******', null, '블랙', 'XXX', 'TEXT', '5', 'RIGHT', '사이즈가 프리라서 ...', 10002);
INSERT INTO public.product_review (id, creation_date, last_modified_date, best_review_yn, color_review, content, id_member, image_url, order_color, order_size, review_type, score, size_review, title, id_product) VALUES (10031, '2022-12-21 14:56:37.059000 +00:00', null, 'N', 'SAME', '귀엽고 예뻐요. \r\n브랜드 옷걸이를 주니까 기분 up↑\r\n지퍼 막 뻑뻑하지는 않아요.\r\n고민했던 옷이라 유투브도 찾아보고 타 사이트 상품평도 찾아보며 고민고민하다 구매했어요.\r\n고민한 이유는 많이 짧다는거~ 밑단이 고무줄이라는거, 개취때문이에요~\r\n받아보니, 괜춘해요^^', 'mel******', 'https://nimg.lfmall.co.kr/file/WAS/reviewPath/2022/600/meli_lnzl28j5p0s53985t67t_0_4.jpg', '블랙', 'XXX', 'PHOTO', '5', 'RIGHT', '귀엽고 예뻐요. \r...', 10002);
INSERT INTO public.product_review (id, creation_date, last_modified_date, best_review_yn, color_review, content, id_member, image_url, order_color, order_size, review_type, score, size_review, title, id_product) VALUES (10032, '2022-09-18 14:56:37.059000 +00:00', null, 'N', 'SAME', '가죽인줄알고 샀는데 합성가죽이라 급실망 반품하려다 그래도 한번 걸쳐나 볼까?하고 잠옷위에 걸쳤는데 왠걸?\r\n귀엽고 멋진거에여ㅋ\r\n그래서 그냥 겟하기로 했어여.\r\n기장도 적당하고  소매통도 넓어서 원피스,바지,치마 모두 간절기에 걸치기 적당하겠어여.\r\n합성이라 관리도 편하겠구여~ 약간의 누빔이라 보온성도 쫌 있구 싸보이진 않네여.', 'sw3******', 'https://nimg.lfmall.co.kr/file/WAS/reviewPath/2022/600/sw37_x7sffmx3f2xq4f3hp64s_0_4.jpg', '블랙', 'XXX', 'PHOTO', '5', 'RIGHT', '가죽인줄알고 샀는데...', 10002);
INSERT INTO public.product_review (id, creation_date, last_modified_date, best_review_yn, color_review, content, id_member, image_url, order_color, order_size, review_type, score, size_review, title, id_product) VALUES (10033, '2022-03-13 14:56:37.059000 +00:00', null, 'N', 'SAME', '간절기에 입기 두께감 땩 좋네요\r\n기장감 스타일 맘에 들어요\r\n받자마자 입었네요 ㅎ', 'ruc*****', 'https://nimg.lfmall.co.kr/file/WAS/reviewPath/2022/600/rucy_y8c7459801121ji43n18_0_4.jpg', '블랙', 'XXX', 'PHOTO', '5', 'RIGHT', '간절기에 입기 두께...', 10002);
INSERT INTO public.product_review (id, creation_date, last_modified_date, best_review_yn, color_review, content, id_member, image_url, order_color, order_size, review_type, score, size_review, title, id_product) VALUES (10034, '2023-03-21 14:56:37.059000 +00:00', null, 'Y', 'SAME', '언니한테 선물했는데 너무 맘에 들어해서 저도 추가구입 신청해놨습니다. \r\n재질도 좋고 예뻐서 잘 입을 거 같습니다.', 'cho******', 'https://nimg.lfmall.co.kr/file/WAS/reviewPath/2023/600/choc_kafv1l28fi06nwcd64p4_0_4.jpg', '블랙', 'XXX', 'PHOTO', '5', 'RIGHT', '언니한테 선물했는데...', 10002);
INSERT INTO public.product_review (id, creation_date, last_modified_date, best_review_yn, color_review, content, id_member, image_url, order_color, order_size, review_type, score, size_review, title, id_product) VALUES (10035, '2023-03-19 14:56:37.059000 +00:00', null, 'N', 'SAME', '좀 짧지만 괜찮습니다 충전재도 있어서 따뜻합니다  굿굿굿', 'bla******', null, '블랙', 'XXX', 'TEXT', '5', 'RIGHT', '좀 짧지만 괜찮습니...', 10002);
INSERT INTO public.product_review (id, creation_date, last_modified_date, best_review_yn, color_review, content, id_member, image_url, order_color, order_size, review_type, score, size_review, title, id_product) VALUES (10036, '2023-03-18 14:56:37.059000 +00:00', null, 'Y', 'SAME', '아직 나갈일이 없어서 비닐에 쌓아놨는데 진짜 화면으로 보던 것보다 훨씬 이뻐요!', 'seo***', 'https://nimg.lfmall.co.kr/file/WAS/reviewPath/2023/600/seou_ynj9bi074c0ky8244l84.jpeg', '블랙', 'XXX', 'PHOTO', '5', 'RIGHT', '아직 나갈일이 없어...', 10002);
INSERT INTO public.product_review (id, creation_date, last_modified_date, best_review_yn, color_review, content, id_member, image_url, order_color, order_size, review_type, score, size_review, title, id_product) VALUES (10037, '2023-03-17 14:56:37.059000 +00:00', null, 'N', 'SAME', '배송이총알이네요  가죽이부드러우면서도가볍고 퀼팅도넘나도이쁘고 지금부터부지런히입어야할것같아요 대만족입니다.', 'wuj******', null, '블랙', 'XXX', 'TEXT', '5', 'RIGHT', '배송이총알이네요  ...', 10002);
INSERT INTO public.product_review (id, creation_date, last_modified_date, best_review_yn, color_review, content, id_member, image_url, order_color, order_size, review_type, score, size_review, title, id_product) VALUES (10038, '2023-03-15 14:56:37.059000 +00:00', null, 'N', 'SAME', '고민하다가 샀는데 귀엽고 예쁘고 시크하고 다 좋은 것 같아요', 'ths****', null, '블랙', 'XXX', 'TEXT', '5', 'RIGHT', '고민하다가 샀는데 ...', 10002);
INSERT INTO public.product_review (id, creation_date, last_modified_date, best_review_yn, color_review, content, id_member, image_url, order_color, order_size, review_type, score, size_review, title, id_product) VALUES (10039, '2022-11-24 14:56:37.059000 +00:00', null, 'N', 'SAME', '스커트를 즐겨입는 저는 즐겨 입게 될 옷이예요.\r\n촉감 부드럽고 따뜻하네요.\r\n사이즈는 one사이즈이고, 크게 나와서 편해요', 'aih***', 'https://nimg.lfmall.co.kr/file/WAS/reviewPath/2022/600/aihs_80l9kwv1r9ds7t2701wb_0_4.jpg', 'None', 'ONE', 'PHOTO', '5', 'BIG', '스커트를 즐겨입는 ...', 10003);
INSERT INTO public.product_review (id, creation_date, last_modified_date, best_review_yn, color_review, content, id_member, image_url, order_color, order_size, review_type, score, size_review, title, id_product) VALUES (10040, '2023-03-21 14:56:37.059000 +00:00', null, 'Y', 'SAME', '보통 66사이즈 입는데,\n사이즈는 넉넉하게 입을수 있어요\n기장도 좋고,\n아침저녁 쌀쌀할때 입기 딱좋겠어요', 'siy*****', 'https://nimg.lfmall.co.kr/file/WAS/reviewPath/2023/600/siye_e44n1l9xs918qd52t809.jpg', 'None', 'ONE', 'PHOTO', '5', 'RIGHT', '보통 66사이즈 입...', 10003);
INSERT INTO public.product_review (id, creation_date, last_modified_date, best_review_yn, color_review, content, id_member, image_url, order_color, order_size, review_type, score, size_review, title, id_product) VALUES (10041, '2023-03-09 14:56:37.059000 +00:00', null, 'N', 'SAME', '생각보다 도톰해요.\n지금 입기 딱인것같아요.\n넘 이뻐요', 'ym4***', null, 'None', 'ONE', 'TEXT', '4', 'RIGHT', '생각보다 도톰해요....', 10003);
INSERT INTO public.product_review (id, creation_date, last_modified_date, best_review_yn, color_review, content, id_member, image_url, order_color, order_size, review_type, score, size_review, title, id_product) VALUES (10042, '2023-02-16 14:56:37.059000 +00:00', null, 'N', 'SAME', '원사이즈라서 오버핏이긴합니다. 특히 소매기장이 많이기네요.  가볍고 데일리착용 좋을듯 합니다.', 'eyp*****', null, 'None', 'ONE', 'TEXT', '4', 'BIG', '원사이즈라서 오버핏...', 10003);
INSERT INTO public.product_review (id, creation_date, last_modified_date, best_review_yn, color_review, content, id_member, image_url, order_color, order_size, review_type, score, size_review, title, id_product) VALUES (10043, '2023-02-10 14:56:37.059000 +00:00', null, 'N', 'SAME', '아이보리 사고 마음에 들어서 \n또 구입했어요 ~\n잘 입을께요^^', 'seo****', 'https://nimg.lfmall.co.kr/file/WAS/reviewPath/2023/600/seo4_2k3499pg192g03213l15.jpg', 'None', 'ONE', 'PHOTO', '5', 'BIG', '아이보리 사고 마음...', 10003);
INSERT INTO public.product_review (id, creation_date, last_modified_date, best_review_yn, color_review, content, id_member, image_url, order_color, order_size, review_type, score, size_review, title, id_product) VALUES (10044, '2022-12-24 14:56:37.059000 +00:00', null, 'N', 'SAME', '배송 빠르고 두께대비 따듯하네요\r\n겨울이지만 차량으로 이동시엔 두꺼운 옷이 불편해 구매', 'yeo*****', 'https://nimg.lfmall.co.kr/file/WAS/reviewPath/2022/600/yeon_4w52b40lths89765nw4x_0_4.jpg', 'None', 'ONE', 'PHOTO', '5', 'RIGHT', '배송 빠르고 두께대...', 10003);
INSERT INTO public.product_review (id, creation_date, last_modified_date, best_review_yn, color_review, content, id_member, image_url, order_color, order_size, review_type, score, size_review, title, id_product) VALUES (10045, '2022-11-30 14:56:37.059000 +00:00', null, 'N', 'SAME', '아주 잘입고 있어요. 실용적입니다. 휘뚜르마뚜르 어디에도 잘어울려요', 'wom*****', null, 'None', 'ONE', 'TEXT', '5', 'RIGHT', '아주 잘입고 있어요...', 10003);
INSERT INTO public.product_review (id, creation_date, last_modified_date, best_review_yn, color_review, content, id_member, image_url, order_color, order_size, review_type, score, size_review, title, id_product) VALUES (10046, '2022-11-14 14:56:37.059000 +00:00', null, 'N', 'SAME', '가볍고 편해요 맘에들어요 배송도 바로 왔어요 굿굿 사이즈는 넉넉하게 맞아요', 'rla********', null, 'None', 'ONE', 'TEXT', '4', 'RIGHT', '가볍고 편해요 맘에...', 10003);
INSERT INTO public.product_review (id, creation_date, last_modified_date, best_review_yn, color_review, content, id_member, image_url, order_color, order_size, review_type, score, size_review, title, id_product) VALUES (10047, '2023-03-21 14:56:37.059000 +00:00', null, 'Y', 'SAME', '사이즈가 크게 나온 것 같아요.\n그래서 한 사이즈 아래로 교환했어요.\n빠르게 교환처리 해주셔서\n감사합니다.\n요즘 간절기에 입기 딱 좋겠어요', 'her****', null, '베이지', '091', 'TEXT', '4', 'BIG', '사이즈가 크게 나온...', 10004);
INSERT INTO public.product_review (id, creation_date, last_modified_date, best_review_yn, color_review, content, id_member, image_url, order_color, order_size, review_type, score, size_review, title, id_product) VALUES (10048, '2023-03-19 14:56:37.059000 +00:00', null, 'Y', 'SAME', '간절기에 입을옷필요해서 주문했어요 얇은거같은데  안에 니트입고입으니 춥지는 않네요', 'gks*****', null, '네이비', '010', 'TEXT', '5', 'RIGHT', '간절기에 입을옷필요...', 10005);
INSERT INTO public.product_review (id, creation_date, last_modified_date, best_review_yn, color_review, content, id_member, image_url, order_color, order_size, review_type, score, size_review, title, id_product) VALUES (10050, '2023-03-20 14:56:37.059000 +00:00', null, 'Y', 'SAME', '허리라인 적당이 들어갔는데 답답하지 않고 예쁘네요 잘입을게요', 'pqr***', 'https://nimg.lfmall.co.kr/file/WAS/reviewPath/2023/600/pqrk_7070e70ucu5b848ok20o.jpg', '베이지', '90', 'PHOTO', '5', 'RIGHT', '허리라인 적당이 들...', 10007);
INSERT INTO public.product_review (id, creation_date, last_modified_date, best_review_yn, color_review, content, id_member, image_url, order_color, order_size, review_type, score, size_review, title, id_product) VALUES (10051, '2023-03-17 14:56:37.059000 +00:00', null, 'Y', 'SAME', '제일 저렴하게 던스트를 구매했어요!\n대만족 ㅠㅠ\n집업이라서 휘뚜루마뚜루 여기저기\n막 매칭해서 입기 편하네여 ㅎㅎ 좋아요!', 'toy****', 'https://nimg.lfmall.co.kr/file/WAS/reviewPath/2023/600/toy8_b3w62ydx428xh65i178j.jpg', 'None', 'OATMEAL MELANGE, 0XS', 'PHOTO', '5', 'RIGHT', '제일 저렴하게 던스..', 10008);
INSERT INTO public.product_review (id, creation_date, last_modified_date, best_review_yn, color_review, content, id_member, image_url, order_color, order_size, review_type, score, size_review, title, id_product) VALUES (10052, '2023-03-07 14:56:37.059000 +00:00', null, 'Y', 'SAME', '봄에 입기 너무 딱이에요! 웜톤 추천 봄 자켓 이네요ㅎㅎ', 'mae***', 'https://nimg.lfmall.co.kr/file/WAS/reviewPath/2023/600/maen_s0p667rurp4782d15rxe.jpg', '베이지', '091', 'PHOTO', '5', 'RIGHT', '봄에 입기 너무 딱...', 10009);
INSERT INTO public.product_review (id, creation_date, last_modified_date, best_review_yn, color_review, content, id_member, image_url, order_color, order_size, review_type, score, size_review, title, id_product) VALUES (10053, '2023-02-28 14:56:37.059000 +00:00', null, 'Y', 'BRIGHTER', '화면과 같이  이쁩니다\n많이 고급스러워요    체형에 비해아주조금  큰듯하는데  입으니 예뻐요', 'mbs***', 'https://nimg.lfmall.co.kr/file/WAS/reviewPath/2023/600/mbs8_211t2gv6959q0011l0ua_0_4.jpg', '베이지', '088', 'PHOTO', '5', 'RIGHT', '검정에서 베이지로 ...', 10010);
INSERT INTO public.product_review (id, creation_date, last_modified_date, best_review_yn, color_review, content, id_member, image_url, order_color, order_size, review_type, score, size_review, title, id_product) VALUES (10054, '2023-03-06 14:56:37.059000 +00:00', null, 'Y', 'DARKER', '미디가 좀 짧은듯 싶고  딱맞긴한데  여름에도  두루두루  코디하기는  좋을듯해요', 'sb0***', null, '차콜 그레이', '00S', 'TEXT', '4', 'RIGHT', '미디가 좀 짧은듯 ...', 10011);
INSERT INTO public.product_review (id, creation_date, last_modified_date, best_review_yn, color_review, content, id_member, image_url, order_color, order_size, review_type, score, size_review, title, id_product) VALUES (10055, '2023-03-08 14:56:37.059000 +00:00', null, 'Y', 'SAME', '카키색  구스다운  패딩 \n가볍고 , 멋집니다.\n강 추위 겨울용은  아니지만,\n포근 하게  잘  입을거 같아요.\n지금은  따뜻 해 져서 입지 못하고,\n늦가을 부터  입어야  겠네요.\n', 'smi****', 'https://nimg.lfmall.co.kr/file/WAS/reviewPath/2023/600/smir_ds004et518f53i2zriko.jpeg', '카키', '088', 'PHOTO', '5', 'RIGHT', '카키색  구스다운 ...', 10012);
INSERT INTO public.product_review (id, creation_date, last_modified_date, best_review_yn, color_review, content, id_member, image_url, order_color, order_size, review_type, score, size_review, title, id_product) VALUES (10056, '2023-03-15 14:56:37.059000 +00:00', null, 'Y', 'SAME', '시어머니가 백화점에서보시고 엘에프몰에서 가격이 착하다고 주문해서 드렸어요.', 'dms******', 'https://nimg.lfmall.co.kr/file/WAS/reviewPath/2023/600/dmsw_34hce9rofceyas73iw1z.jpg', '진한 베이지', '094', 'PHOTO', '5', 'RIGHT', '시어머니가 백화점에...', 10013);
INSERT INTO public.product_review (id, creation_date, last_modified_date, best_review_yn, color_review, content, id_member, image_url, order_color, order_size, review_type, score, size_review, title, id_product) VALUES (10057, '2023-03-15 14:56:37.059000 +00:00', null, 'Y', 'SAME', '매장에서 36 입어보고 온라인으로 36이 없어서 38 구매 했는데 38도 잘 맞습니다. 아주 살짝 오버 사이즈로 입으려면 1사이즈 크게 구매해도 괜찮을거 같아요', 'ksu****', null, '진한 브라운', 'M(038)', 'TEXT', '5', 'RIGHT', '매장에서 36 입어...', 10014);
INSERT INTO public.product_review (id, creation_date, last_modified_date, best_review_yn, color_review, content, id_member, image_url, order_color, order_size, review_type, score, size_review, title, id_product) VALUES (10058, '2023-03-12 14:56:37.059000 +00:00', null, 'Y', 'SAME', '캐주얼하게 예쁘게 잘입을수있을것같네요 잘선택한것같네요 이뻐요', 'min*****', null, '블랙', '00M', 'TEXT', '4', 'RIGHT', '캐주얼하게 예쁘게 ...', 10015);
INSERT INTO public.product_review (id, creation_date, last_modified_date, best_review_yn, color_review, content, id_member, image_url, order_color, order_size, review_type, score, size_review, title, id_product) VALUES (10059, '2023-03-04 14:56:37.059000 +00:00', null, 'Y', 'SAME', '어제 상품을받고 마누라가 입어보보서는\n아주좋아해요\n패딩이 몸에잘맞아서 보기도 좋아요', 'p98****', 'https://nimg.lfmall.co.kr/file/WAS/reviewPath/2023/600/p987_p4aht27m5h6ax7g6v838.jpg', '네이비', '094', 'PHOTO', '5', 'RIGHT', '어제 상품을받고 마...', 10016);
INSERT INTO public.product_review (id, creation_date, last_modified_date, best_review_yn, color_review, content, id_member, image_url, order_color, order_size, review_type, score, size_review, title, id_product) VALUES (10060, '2023-02-20 14:56:37.059000 +00:00', null, 'Y', 'SAME', '생각이상으로 너무 이뻐요 가볍고 실용적이고요 ᆢ소매끝을 약간 접었는데 검은체크가 이쁘게 매치됩니다 매우 만족합니다', 'mdk*****', null, '블랙', '088', 'TEXT', '5', 'RIGHT', '생각이상으로 너무 ...', 10017);
INSERT INTO public.product_review (id, creation_date, last_modified_date, best_review_yn, color_review, content, id_member, image_url, order_color, order_size, review_type, score, size_review, title, id_product) VALUES (10061, '2023-02-25 14:56:37.059000 +00:00', null, 'Y', 'SAME', '퀼팅이 단단하게 되어있고 편하게 입을수 있는 스타일입니다 사진과 모든게 똑같고  목이 하이칼라서 스카프나 머플러를 해야할것같아요.', 'ban****', 'https://nimg.lfmall.co.kr/file/WAS/reviewPath/2023/600/ban0_217a24c0btjiawt8s2fw.jpg', '네이비', '097', 'PHOTO', '4', 'RIGHT', '퀼팅이 단단하게 되...', 10018);
INSERT INTO public.product_review (id, creation_date, last_modified_date, best_review_yn, color_review, content, id_member, image_url, order_color, order_size, review_type, score, size_review, title, id_product) VALUES (10062, '2023-02-24 14:56:37.059000 +00:00', null, 'Y', 'SAME', '레이어드로 여기저기 입기 좋아요!!!\n크롭이라 단독으로 입기는 살짝 민망해요', 'hsy****', null, '브라운', 'XXX', 'TEXT', '5', 'RIGHT', '레이어드로 여기저기...', 10019);
INSERT INTO public.product_review (id, creation_date, last_modified_date, best_review_yn, color_review, content, id_member, image_url, order_color, order_size, review_type, score, size_review, title, id_product) VALUES (10063, '2023-02-12 14:56:37.059000 +00:00', null, 'Y', 'BRIGHTER', '편안하게 잘입을수있겠어요~봄날에 괜찬을것같아요  좋아요', 'ju7*****', null, '탁한 블루', '090', 'TEXT', '5', 'BIG', '편안하게 잘입을수있...', 10020);
INSERT INTO public.product_review (id, creation_date, last_modified_date, best_review_yn, color_review, content, id_member, image_url, order_color, order_size, review_type, score, size_review, title, id_product) VALUES (10064, '2022-10-24 14:56:37.059000 +00:00', null, 'Y', 'SAME', '어머니 선물로 주문했는데\n아주 고급스럽고 가볍습니다\n간절기 용으로 딱입니다.\n두꺼운 패딩을 원하셔서...아쉽지만 다른제품을 선택하셨네요~', 'for******', 'https://nimg.lfmall.co.kr/file/WAS/reviewPath/2022/600/forc_327zhn9xyq69135e37ao_0_4.jpg', '네이비', '094', 'PHOTO', '5', 'RIGHT', '어머니 생신선물로 ...', 10021);
INSERT INTO public.product_review (id, creation_date, last_modified_date, best_review_yn, color_review, content, id_member, image_url, order_color, order_size, review_type, score, size_review, title, id_product) VALUES (10065, '2023-02-04 14:56:37.059000 +00:00', null, 'Y', 'BRIGHTER', '친구세명이 같은걸로...\n다 맘에 속 들어하네요.가볍고 따듯해요.', '009***', 'https://nimg.lfmall.co.kr/file/WAS/reviewPath/2023/600/0091_66wt1u09rv4u32dmk639.jpg', 'None', '베이지, S', 'PHOTO', '5', 'RIGHT', '친구세명이 같은걸로...', 10022);
INSERT INTO public.product_review (id, creation_date, last_modified_date, best_review_yn, color_review, content, id_member, image_url, order_color, order_size, review_type, score, size_review, title, id_product) VALUES (10066, '2023-01-28 14:56:37.059000 +00:00', null, 'Y', 'BRIGHTER', '엄마 선물로 드렸는데 생각보다 얇다고 하셔서 반품합니다 160/ 55 인데 88사이즈 잘 맞아요 예쁘고 품질 좋아요', 'lov******', null, '진한 브라운', '088', 'TEXT', '5', 'RIGHT', '엄마 선물로 드렸는..', 10023);
INSERT INTO public.product_review (id, creation_date, last_modified_date, best_review_yn, color_review, content, id_member, image_url, order_color, order_size, review_type, score, size_review, title, id_product) VALUES (10067, '2022-12-15 14:56:37.059000 +00:00', null, 'Y', 'SAME', '옷은 정말 너무좋아요 몸에착감기고 따뜻하고. 선물하고싶을정도로 좋네요 하지만사이즈 선택 잘하셔야합니당. 길이감도 의외로길구요 저는길어서 더 좋은데 사실분들은 감안하셔서 고르세요 참고로.162에.53키로.상체형 12사이즈 딱좋습니다....적당히 낙낙하고어께딱맞구요...사이즈.잘골라야할듯요!', 'enu******', null, '블랙', '012', 'TEXT', '5', 'RIGHT', '옷은 정말 너무좋아...', 10024);
INSERT INTO public.product_review (id, creation_date, last_modified_date, best_review_yn, color_review, content, id_member, image_url, order_color, order_size, review_type, score, size_review, title, id_product) VALUES (10068, '2022-12-10 14:56:37.059000 +00:00', null, 'Y', 'SAME', '배송 빠르고 옷이 예뻐요 길이가 약간 짧긴 하네요 ㅎㅎ', 'zog****', null, '네이비', 'DOBIXX00617001', 'TEXT', '5', 'RIGHT', '배송 빠르고 옷이 ...', 10025);
INSERT INTO public.product_review (id, creation_date, last_modified_date, best_review_yn, color_review, content, id_member, image_url, order_color, order_size, review_type, score, size_review, title, id_product) VALUES (10069, '2022-12-04 14:56:37.059000 +00:00', null, 'Y', 'SAME', '트랜드에 맞고 컬러도 예쁘네요.  예쁘게 입을께요. 김사합니다', 'iam****', 'https://nimg.lfmall.co.kr/file/WAS/reviewPath/2022/600/iamk_945kuk2g1ad50c90061y_0_4.jpg', '핑크', 'XXX', 'PHOTO', '5', 'RIGHT', '트랜드에 맞고 컬러...', 10026);
INSERT INTO public.product_review (id, creation_date, last_modified_date, best_review_yn, color_review, content, id_member, image_url, order_color, order_size, review_type, score, size_review, title, id_product) VALUES (10070, '2022-11-13 14:56:37.059000 +00:00', null, 'Y', 'SAME', '엄마 사드렸는데 좋아하세요.\r\n배가 나와서 타이트하긴 하지만요.', 'nam*****', null, '블랙', '094', 'TEXT', '4', 'SMALL', '엄마 사드렸는데 좋...', 10027);
INSERT INTO public.product_review (id, creation_date, last_modified_date, best_review_yn, color_review, content, id_member, image_url, order_color, order_size, review_type, score, size_review, title, id_product) VALUES (10071, '2023-03-20 14:56:37.059000 +00:00', null, 'Y', 'SAME', '옷이 이쁘네요.\n어디에도 같이 코디하기 좋고 옷도 편하네요.', 'kyu*******', null, '아이보리', '00M', 'TEXT', '5', 'RIGHT', '옷이 이쁘네요.\n어...', 10028);
INSERT INTO public.product_review (id, creation_date, last_modified_date, best_review_yn, color_review, content, id_member, image_url, order_color, order_size, review_type, score, size_review, title, id_product) VALUES (10072, '2023-03-20 14:56:37.059000 +00:00', null, 'Y', 'SAME', '사이즈 딱 좋아요 팔길이는 손등 반정도 덮는 길이감입니다', 'wl0***', 'https://nimg.lfmall.co.kr/file/WAS/reviewPath/2023/600/wl06_c6w9m88g6839dy9tc7sv.jpeg', '브라운', 'XXX', 'PHOTO', '5', 'RIGHT', '사이즈 딱 좋아요 ...', 10030);
INSERT INTO public.product_review (id, creation_date, last_modified_date, best_review_yn, color_review, content, id_member, image_url, order_color, order_size, review_type, score, size_review, title, id_product) VALUES (10073, '2023-03-18 14:56:37.059000 +00:00', null, 'Y', 'SAME', '매장에서 직접 입어보고 구매했어요\n두꺼운 이너 입으려면 미듐이 좋겠어요', 'aio***', 'https://nimg.lfmall.co.kr/file/WAS/reviewPath/2023/600/aioa_ut4w2i9a31tjojuutf0h.jpeg', 'None', 'CHARCOAL GREY, 00M', 'PHOTO', '4', 'BIG', '매장에서 직접 입어...', 10032);
INSERT INTO public.product_review (id, creation_date, last_modified_date, best_review_yn, color_review, content, id_member, image_url, order_color, order_size, review_type, score, size_review, title, id_product) VALUES (10074, '2023-03-19 14:56:37.059000 +00:00', null, 'Y', 'SAME', '색상 조합이 예쁘고 길이가 마음에 듭니다. 보통 트위드는 너무 짧게 나왔는데 요런 기장의 트위드가  많이 나오기 바랍니다. 두툼하여 따뜻하고 모두 만족스러워요.', 'jin*****', null, '진한 와인', 'M(038)', 'TEXT', '5', 'RIGHT', '색상 조합이 예쁘고...', 10033);
INSERT INTO public.product_review (id, creation_date, last_modified_date, best_review_yn, color_review, content, id_member, image_url, order_color, order_size, review_type, score, size_review, title, id_product) VALUES (10075, '2023-03-12 14:56:37.059000 +00:00', null, 'Y', 'SAME', '깔끔한 색상과 디자인이 멋진 자켓이예요.\n팔을 들어 올릴때 신축성이 약간 떨어지는 듯 합니다.', 'for*****', 'https://nimg.lfmall.co.kr/file/WAS/reviewPath/2023/600/fore_46g7508gi4mecjhnph6o.jpg', '흰색', '00S', 'PHOTO', '5', 'RIGHT', '깔끔한 색상과 디자...', 10034);
INSERT INTO public.product_review (id, creation_date, last_modified_date, best_review_yn, color_review, content, id_member, image_url, order_color, order_size, review_type, score, size_review, title, id_product) VALUES (10076, '2023-03-19 14:56:37.059000 +00:00', null, 'Y', 'SAME', '잘맞고 색도 이쁘네요\n청바지에도 잘어울리고\n스커트입어도 잘 어울려요', 'tem******', null, '밝은 베이지', '95', 'TEXT', '5', 'RIGHT', '잘맞고 색도 이쁘네...', 10035);
INSERT INTO public.product_review (id, creation_date, last_modified_date, best_review_yn, color_review, content, id_member, image_url, order_color, order_size, review_type, score, size_review, title, id_product) VALUES (10077, '2023-03-16 14:56:37.059000 +00:00', null, 'Y', 'SAME', '생각보다 기장이 길어요. 제가173cm 정도되는데도. .   뒨허리끈은 수선해서 입으려구요.', 'hya******', null, 'None', 'GREEN(43), 105', 'TEXT', '5', 'RIGHT', '생각보다 기장이 길...', 10036);
INSERT INTO public.product_review (id, creation_date, last_modified_date, best_review_yn, color_review, content, id_member, image_url, order_color, order_size, review_type, score, size_review, title, id_product) VALUES (10078, '2023-03-15 14:56:37.059000 +00:00', null, 'Y', 'SAME', '크롭기장의 코트라 귀엽고 품도 넓어서 활동하기 편해요!! 요즘 날씨에 딱 걸치고 놀러가기 좋습니다! 떡볶이 단추가 퀄리티가 좋고 소재도 도톰하니 대만족입니다 ❤️', 'ga0****', 'https://nimg.lfmall.co.kr/file/WAS/reviewPath/2023/600/ga03_8ow45uh56x0482va8fo2.jpg', '그레이', 'XXX', 'PHOTO', '5', 'RIGHT', '크롭기장의 코트라 ...', 10037);
INSERT INTO public.product_review (id, creation_date, last_modified_date, best_review_yn, color_review, content, id_member, image_url, order_color, order_size, review_type, score, size_review, title, id_product) VALUES (10079, '2023-03-14 14:56:37.059000 +00:00', null, 'Y', 'SAME', 'XS사이즈도 쪼매 크네요 옷감과 퀄리티 좋아요 \nㅎㅎ 옆지기가 원단이 탄탄하고 무게감이 있다네요', 'neo****', 'https://nimg.lfmall.co.kr/file/WAS/reviewPath/2023/600/neot_y4b5l2o16264kc1k0p0y.jpg', 'None', 'SOFT BEIGE, 0XS', 'PHOTO', '5', 'BIG', 'XS사이즈도 쪼매 ...', 10038);
INSERT INTO public.product_review (id, creation_date, last_modified_date, best_review_yn, color_review, content, id_member, image_url, order_color, order_size, review_type, score, size_review, title, id_product) VALUES (10080, '2023-03-12 14:56:37.059000 +00:00', null, 'Y', 'SAME', '검은색은 너무 클론템이라 안끌렸는데 이건 흔하지 않은 색이라 좋아요! 8사이즈 할까 고민하다가 10했는데 적당히 잘맞네요 간절기템으로 짱짱맨', 'sos****', 'https://nimg.lfmall.co.kr/file/WAS/reviewPath/2023/600/sos4_d9d3f1kn3e3435685m4x.jpeg', '베이지', '010', 'PHOTO', '5', 'RIGHT', '검은색은 너무 클론...', 10039);
INSERT INTO public.product_review (id, creation_date, last_modified_date, best_review_yn, color_review, content, id_member, image_url, order_color, order_size, review_type, score, size_review, title, id_product) VALUES (10081, '2023-03-07 14:56:37.059000 +00:00', null, 'Y', 'SAME', '그레이 구이하고 이뻐서 블랙도 구입 봄이 오는데 입을수가 없어 아쉽네요', 'woo*******', null, '블랙', 'XXX', 'TEXT', '5', 'RIGHT', '구이하고 이...', 10040);
INSERT INTO public.product_review (id, creation_date, last_modified_date, best_review_yn, color_review, content, id_member, image_url, order_color, order_size, review_type, score, size_review, title, id_product) VALUES (10082, '2023-03-01 14:56:37.059000 +00:00', null, 'Y', 'SAME', '3월초 결혼식 하객용으로\n구매했어요 핏이랑재질 마음에들어요', 'ijj****', null, '카키', '95', 'TEXT', '5', 'RIGHT', '3월초 결혼식 하객...', 10041);
INSERT INTO public.product_review (id, creation_date, last_modified_date, best_review_yn, color_review, content, id_member, image_url, order_color, order_size, review_type, score, size_review, title, id_product) VALUES (10083, '2023-02-24 14:56:37.059000 +00:00', null, 'Y', 'SAME', '저는 키가 작은편인데 기장동 딱 맞고  기장도 맞아서  결혼식에 입기 편할거  같아요~^^', 'myo*********', null, '차콜 그레이', '088', 'TEXT', '5', 'RIGHT', '저는 키가 작은편인...', 10042);
INSERT INTO public.product_review (id, creation_date, last_modified_date, best_review_yn, color_review, content, id_member, image_url, order_color, order_size, review_type, score, size_review, title, id_product) VALUES (10084, '2023-03-05 14:56:37.059000 +00:00', null, 'Y', 'SAME', '정장이나 캐쥬얼 모두에 어울리는 옷이에요. 약간의 무게감은 있으나 활동하는데 전혀 지장없고 편합니다. 가격은 좀 내려갔으면 하네요.', 'haj****', null, '네이비', '088', 'TEXT', '5', 'RIGHT', '정장이나 캐쥬얼 모...', 10043);
INSERT INTO public.product_review (id, creation_date, last_modified_date, best_review_yn, color_review, content, id_member, image_url, order_color, order_size, review_type, score, size_review, title, id_product) VALUES (10085, '2023-02-23 14:56:37.059000 +00:00', null, 'Y', 'SAME', '진짜 너무 너무 예뻐요\n남편 사주려고 예의주시 하고 있었는데 드디어 샀네요\n왜 고민 했나 싶어요ㅋㅋ \n재질 완전 탄탄하고 길이가 조금 길긴 한데 맘에 든대요ㅋㅋ 그리고 제 남편은 평소 상의 100~105사이즈 입고, 176에 60키로인데 L사이즈가 예쁘게 맞아요~ 참고하시면 좋으실듯 합니다.', 'blu*******', 'https://nimg.lfmall.co.kr/file/WAS/reviewPath/2023/600/blue_05pxmb4oah9091a3wqy9.jpeg', 'None', 'CLASSIC BEIGE, 00L', 'PHOTO', '5', 'RIGHT', '진짜 너무 너무 예...', 10044);
INSERT INTO public.product_review (id, creation_date, last_modified_date, best_review_yn, color_review, content, id_member, image_url, order_color, order_size, review_type, score, size_review, title, id_product) VALUES (10086, '2023-02-22 14:56:37.059000 +00:00', null, 'Y', 'SAME', '가격대가 높긴 하지만 쿠폰 적용해서 백화점 가격보다 많이 저렴하게 구매했어요, 키작녀에게 너무 좋은 싸이즈이고 핏도 예쁘네요, 광택도 매우 적당하게 이뻐요, 요즘 프리싸이즈 의류들이 많아서 항상 싸이즈 고민인데 너무 마음에 들어요^^', 'ksu****', 'https://nimg.lfmall.co.kr/file/WAS/reviewPath/2023/600/ksu0_i0heggys0z23tf2k21j0.jpeg', '블랙', '00S', 'PHOTO', '5', 'RIGHT', '가격대가 높긴 하지...', 10045);
INSERT INTO public.product_review (id, creation_date, last_modified_date, best_review_yn, color_review, content, id_member, image_url, order_color, order_size, review_type, score, size_review, title, id_product) VALUES (10087, '2023-02-26 14:56:37.059000 +00:00', null, 'Y', 'SAME', '편리함과고급스럽윰공존하네요\n격식갖춘곳어입고가면\n시선을한몸에\n매우좋아요강추\n', 'whd******', 'https://nimg.lfmall.co.kr/file/WAS/reviewPath/2023/600/whda_58x180bm99v0m3qv5726.jpg', '브라운', '085', 'PHOTO', '5', 'RIGHT', '편리함과고급스럽윰공...', 10046);
INSERT INTO public.product_review (id, creation_date, last_modified_date, best_review_yn, color_review, content, id_member, image_url, order_color, order_size, review_type, score, size_review, title, id_product) VALUES (10088, '2023-02-13 14:56:37.059000 +00:00', null, 'Y', 'BRIGHTER', '핏도 색상도 소재감도 고급스럽고 예뻐요\n뒤쪽이 살짝 더 길고 퍼지는 핏이라 멋스럽네요', 'tom*******', null, '그레이', '00S', 'TEXT', '5', 'RIGHT', '핏도 색상도 소재감...', 10047);
INSERT INTO public.product_review (id, creation_date, last_modified_date, best_review_yn, color_review, content, id_member, image_url, order_color, order_size, review_type, score, size_review, title, id_product) VALUES (10089, '2023-02-08 14:56:37.059000 +00:00', null, 'Y', 'BRIGHTER', '화면예서 보는것처럼 색상스타일등 같아요\n사이지도 정사이즈로  잘 맞습니다', '3s2***', null, '블랙', 'S', 'TEXT', '5', 'RIGHT', '화면예서 보는것처럼...', 10048);
INSERT INTO public.product_review (id, creation_date, last_modified_date, best_review_yn, color_review, content, id_member, image_url, order_color, order_size, review_type, score, size_review, title, id_product) VALUES (10090, '2023-02-07 14:56:37.059000 +00:00', null, 'Y', 'SAME', '화이트도이뻐서 네이비도 구매\r\n바느질도 마감도 좋아요\r\n잘입겠습니다', '010********', null, 'None', 'NAVY, S', 'TEXT', '5', 'RIGHT', '화이트도이뻐서 네이...', 10049);
INSERT INTO public.product_review (id, creation_date, last_modified_date, best_review_yn, color_review, content, id_member, image_url, order_color, order_size, review_type, score, size_review, title, id_product) VALUES (10091, '2023-02-08 14:56:37.059000 +00:00', null, 'Y', 'SAME', '77사이즈입어서91 구매했는데 넘커서 88로 교환\r\n동시교환이 안돼 시간은 걸렸지만 잘입고 다녀요\r\n무게감도 좋고 예쁩니다\r\n', 'ell****', null, '캐멀', '088', 'TEXT', '4', 'RIGHT', '77사이즈입어서91...', 10050);
INSERT INTO public.product_review (id, creation_date, last_modified_date, best_review_yn, color_review, content, id_member, image_url, order_color, order_size, review_type, score, size_review, title, id_product) VALUES (10092, '2023-01-27 14:56:37.059000 +00:00', null, 'Y', 'SAME', 'S사이즈 어깡될줄 알고 걱정했는데 그 걱정한 시간이 무색하게 넘 멋스러워요ㅜㅜ 입고 가는데 사람들이 오버핏자켓 예쁘다면서 뒤돌아보면서까지 쳐다봄ㅎㅎ', 'yoo******', 'https://nimg.lfmall.co.kr/file/WAS/reviewPath/2023/600/yoon_6fvy6ahh8o31p4s2925c.jpg', 'None', 'BLACK, 00S', 'PHOTO', '5', 'RIGHT', 'S사이즈 어깡될줄 ...', 10051);
INSERT INTO public.product_review (id, creation_date, last_modified_date, best_review_yn, color_review, content, id_member, image_url, order_color, order_size, review_type, score, size_review, title, id_product) VALUES (10093, '2023-01-10 14:56:37.059000 +00:00', null, 'Y', 'BRIGHTER', '사실 단추와 옷의 반짝임에 끌려 구입했는데 구입하길 잘한 거 같아요 크롭자켓인데 마냥 짧지 않아서 공적인 자리에서도 입을 수 있을 거 같아요 구매 만족합니다', 'kim*****', 'https://nimg.lfmall.co.kr/file/WAS/reviewPath/2023/600/kime_7n8eluqe65s03r4qvp2k.jpg', 'None', 'D07SXX00221001', 'PHOTO', '5', 'RIGHT', '사실 단추와 옷의 ...', 10052);
INSERT INTO public.product_review (id, creation_date, last_modified_date, best_review_yn, color_review, content, id_member, image_url, order_color, order_size, review_type, score, size_review, title, id_product) VALUES (10094, '2022-12-27 14:56:37.059000 +00:00', null, 'Y', 'SAME', '넘 맘에 들어 여름 옷을 겨울에 샀네요. 덕분에 세일가에 점잖은 옷 잘 샀어요. 대만족입니다.', 'jul****', 'https://nimg.lfmall.co.kr/file/WAS/reviewPath/2022/600/julm_i73xvhoop9nl1999up5v_0_4.jpg', 'None', '55', 'PHOTO', '5', 'BIG', '넘 맘에 들어 여름...', 10053);
INSERT INTO public.product_review (id, creation_date, last_modified_date, best_review_yn, color_review, content, id_member, image_url, order_color, order_size, review_type, score, size_review, title, id_product) VALUES (10095, '2022-11-14 14:56:37.059000 +00:00', null, 'Y', 'SAME', '가격이저렴해서 잘 구매했어요  3개째 구매입니다 실제로 받아보니 더맘에 들어요', 'yus*****', null, 'None', 'BLACK, 00S', 'TEXT', '5', 'RIGHT', '가격이저렴해서 잘 ...', 10054);
INSERT INTO public.product_review (id, creation_date, last_modified_date, best_review_yn, color_review, content, id_member, image_url, order_color, order_size, review_type, score, size_review, title, id_product) VALUES (10096, '2022-09-30 14:56:37.059000 +00:00', null, 'Y', 'SAME', '요즘같은 간절기에 입기 좋습니다.\r\n사이즈도 넉넉합니다.\r\n아무 옷에 코디해서 입기 좋습니다.', 'lwr****', null, '베이지', '00M', 'TEXT', '5', 'RIGHT', '요즘같은 간절기에 ...', 10055);
INSERT INTO public.product_review (id, creation_date, last_modified_date, best_review_yn, color_review, content, id_member, image_url, order_color, order_size, review_type, score, size_review, title, id_product) VALUES (10097, '2022-04-24 14:56:37.059000 +00:00', null, 'Y', 'SAME', '안감이 있어 간절기에 입으면 좋을것 같네요. 요즘같으면 밤에 입기 좋아요. 디자인도 이쁘네요.', 'ryu**', 'https://nimg.lfmall.co.kr/file/WAS/reviewPath/2022/600/ryuc_1zx2upez0640b62947ti_0_4.jpg', 'None', 'BLACK, 00S', 'PHOTO', '5', 'RIGHT', '안감이 있어 간절기...', 10056);
INSERT INTO public.product_review (id, creation_date, last_modified_date, best_review_yn, color_review, content, id_member, image_url, order_color, order_size, review_type, score, size_review, title, id_product) VALUES (10098, '2023-03-20 14:56:37.059000 +00:00', null, 'Y', 'SAME', '평상시 입는것 보다 한사이즈 작은것을 구입했지만 사이즈 잘 맞습니다 ', 'kim****', 'https://nimg.lfmall.co.kr/file/WAS/reviewPath/2023/600/kim9_m75a9sh3bvwv535sv8rb.jpg', 'None', '다크핑크, 55', 'PHOTO', '5', 'RIGHT', '평상시 입는것 보다...', 10057);
INSERT INTO public.product_review (id, creation_date, last_modified_date, best_review_yn, color_review, content, id_member, image_url, order_color, order_size, review_type, score, size_review, title, id_product) VALUES (10099, '2023-03-21 14:56:37.059000 +00:00', null, 'Y', 'SAME', '제품이 창고에 오래 있던건지 창고 냄새 같은게 나요ㅠㅠ 스타일러 해도 안빠지네요.. 그것 말고는 마음에 듭니다', 'rud******', null, '차콜 그레이', '00S', 'TEXT', '5', 'RIGHT', '제품이 창고에 오래...', 10058);
INSERT INTO public.product_review (id, creation_date, last_modified_date, best_review_yn, color_review, content, id_member, image_url, order_color, order_size, review_type, score, size_review, title, id_product) VALUES (10100, '2023-03-17 14:56:37.059000 +00:00', null, 'Y', 'SAME', '딸래미 사줬더니 매우 맘에 들어하네요\r\n세가지 색상 모두 화면과 같고 예뻐요', 'wih****', 'https://nimg.lfmall.co.kr/file/WAS/reviewPath/2023/600/wihy_89fhb8l6321hzap7ki44_0_4.jpg', 'None', '3종, 55', 'PHOTO', '5', 'RIGHT', '딸래미 사줬더니 매...', 10059);
INSERT INTO public.product_review (id, creation_date, last_modified_date, best_review_yn, color_review, content, id_member, image_url, order_color, order_size, review_type, score, size_review, title, id_product) VALUES (10101, '2023-03-17 14:56:37.059000 +00:00', null, 'Y', 'SAME', '크롭스타일이긴한데소재랑촉감이좋네요\n외투속에입어도 예쁠듯해요', 'gga***', 'https://nimg.lfmall.co.kr/file/WAS/reviewPath/2023/600/ggam_uvnr0o0v222h5fp4lom3.jpg', '아이보리', 'XXX', 'PHOTO', '4', 'RIGHT', '크롭스타일이긴한데소...', 10060);
INSERT INTO public.product_review (id, creation_date, last_modified_date, best_review_yn, color_review, content, id_member, image_url, order_color, order_size, review_type, score, size_review, title, id_product) VALUES (10102, '2023-03-19 14:56:37.059000 +00:00', null, 'Y', 'SAME', '봄에색  핑크 가디건  너무 이뻐요  봄에 산뜻하게 입으면 정말좋을거 같아요', 'dud*****', null, '밝은 핑크', 'XXX', 'TEXT', '5', 'RIGHT', '봄에색  핑크 가디...', 10061);
INSERT INTO public.product_review (id, creation_date, last_modified_date, best_review_yn, color_review, content, id_member, image_url, order_color, order_size, review_type, score, size_review, title, id_product) VALUES (10103, '2023-03-18 14:56:37.059000 +00:00', null, 'Y', 'SAME', '엄마가 매장에서 입어보고 반해서 사셨어요\n너무 편하고 예뻐요', 'cco****', null, '캐멀', '095', 'TEXT', '5', 'RIGHT', '엄마가 매장에서 입...', 10062);
INSERT INTO public.product_review (id, creation_date, last_modified_date, best_review_yn, color_review, content, id_member, image_url, order_color, order_size, review_type, score, size_review, title, id_product) VALUES (10104, '2023-03-12 14:56:37.059000 +00:00', null, 'Y', 'SAME', '까만티라 단정하면서도 전면이 하얗고 화려한 패턴이라 단조롭지않네요', 'mae***', 'https://nimg.lfmall.co.kr/file/WAS/reviewPath/2023/600/maen_pv5nmc9437k322iczw3b.jpg', '블랙', '100', 'PHOTO', '5', 'RIGHT', '까만티라 단정하면서...', 10063);
INSERT INTO public.product_review (id, creation_date, last_modified_date, best_review_yn, color_review, content, id_member, image_url, order_color, order_size, review_type, score, size_review, title, id_product) VALUES (10105, '2022-12-30 14:56:37.059000 +00:00', null, 'Y', 'SAME', '부드러운 소재인데 세탁을 하면 보풀은 생길듯요\n사이즈는 정사이즈 적당한 핏으로 이뽀요\n단추가 포인트인데 단추가 제대로 달려오지 않아서 교환요텅했는데 매우 약해서 금방 떨어질듯요\n배송느려요', 'shm****', null, 'None', '4종, 55', 'TEXT', '5', 'RIGHT', '부드러운 재질로 맨...', 10064);
INSERT INTO public.product_review (id, creation_date, last_modified_date, best_review_yn, color_review, content, id_member, image_url, order_color, order_size, review_type, score, size_review, title, id_product) VALUES (10106, '2023-03-16 14:56:37.059000 +00:00', null, 'Y', 'SAME', '사이즈가 작다는 말에 90으로 구매하길 잘한거 같아요 무난한 색상으로 네이비로 구매 했는데\n예쁘네요~~', 'skc****', null, '네이비', '90', 'TEXT', '5', 'RIGHT', '사이즈가 작다는 말...', 10065);
INSERT INTO public.product_review (id, creation_date, last_modified_date, best_review_yn, color_review, content, id_member, image_url, order_color, order_size, review_type, score, size_review, title, id_product) VALUES (10107, '2023-03-14 14:56:37.059000 +00:00', null, 'Y', 'SAME', '안 어울릴까봐 걱정했는데 괜한 걱정이네요\n재질도 부드럽고 탄탄하고 목부분과 팔부분 포인트가 너무 맘에 들어요 딱 좋아요', 'yhn******', 'https://nimg.lfmall.co.kr/file/WAS/reviewPath/2023/600/yhnm_p6711091k6j4kxcqc5q0.jpeg', '그레이', 'XXX', 'PHOTO', '5', 'RIGHT', '안 어울릴까봐 걱정...', 10066);
INSERT INTO public.product_review (id, creation_date, last_modified_date, best_review_yn, color_review, content, id_member, image_url, order_color, order_size, review_type, score, size_review, title, id_product) VALUES (10108, '2023-03-15 14:56:37.059000 +00:00', null, 'Y', 'SAME', '산뜻하고 이뻐요 봄에 입기 좋아요 출근 룩으로도 좋아요', 'khr****', null, '밝은 초록', 'XXX', 'TEXT', '5', 'RIGHT', '산뜻하고 이뻐요 봄...', 10067);
INSERT INTO public.product_review (id, creation_date, last_modified_date, best_review_yn, color_review, content, id_member, image_url, order_color, order_size, review_type, score, size_review, title, id_product) VALUES (10109, '2023-03-15 14:56:37.059000 +00:00', null, 'Y', 'SAME', '간절기용으로 구입했는데 사이즈는 좀 넉넉합니다 생각보다 니트가 도톰합니다', 'cha****', null, '블랙', '100', 'TEXT', '5', 'RIGHT', '간절기용으로 구입했...', 10068);
INSERT INTO public.product_review (id, creation_date, last_modified_date, best_review_yn, color_review, content, id_member, image_url, order_color, order_size, review_type, score, size_review, title, id_product) VALUES (10110, '2023-03-12 14:56:37.059000 +00:00', null, 'Y', 'BRIGHTER', '기대이상으로 이쁘네요\n색도 밝고\n봄에 딱인듯\n볼때보다\n입은게 더 이뻐요', 'bea*******', null, 'None', 'Pink, Free', 'TEXT', '5', 'RIGHT', '기대이상으로 이쁘네...', 10069);
INSERT INTO public.product_review (id, creation_date, last_modified_date, best_review_yn, color_review, content, id_member, image_url, order_color, order_size, review_type, score, size_review, title, id_product) VALUES (10111, '2023-03-12 14:56:37.059000 +00:00', null, 'Y', 'SAME', '길이감도 너무 마음에 들고 색상도 너무 이쁩니다.\n다른 분어게도 추천 하고 싶어요', 'dms****', null, '밝은 핑크', 'XXX', 'TEXT', '5', 'RIGHT', '길이감도 너무 마음...', 10070);
INSERT INTO public.product_review (id, creation_date, last_modified_date, best_review_yn, color_review, content, id_member, image_url, order_color, order_size, review_type, score, size_review, title, id_product) VALUES (10112, '2023-03-21 14:56:37.059000 +00:00', null, 'Y', 'SAME', '칼라가 좋아서 구매했고, 우아해보여 좋습니다.\n블라우스의 세로줄 직조가 고급스러워 보입니다.', 'kyo*******', null, '진한 초록', '088', 'TEXT', '5', 'RIGHT', '칼라가 좋아서 구매...', 10071);
INSERT INTO public.product_review (id, creation_date, last_modified_date, best_review_yn, color_review, content, id_member, image_url, order_color, order_size, review_type, score, size_review, title, id_product) VALUES (10113, '2023-03-21 14:56:37.059000 +00:00', null, 'Y', 'SAME', '숏하고  너무 이뿌네요\n오픈해서 입어도 괜찮네요\n바지,스커트 다  잘어울리네요', 'pia***', null, '블루', 'XXX', 'TEXT', '5', 'RIGHT', '숏하고  너무 이뿌...', 10072);
INSERT INTO public.product_review (id, creation_date, last_modified_date, best_review_yn, color_review, content, id_member, image_url, order_color, order_size, review_type, score, size_review, title, id_product) VALUES (10114, '2023-03-21 14:56:37.059000 +00:00', null, 'Y', 'SAME', '예전에 구입해 입던 옷보다 살짝 크고요, 가격대비 만족도는 그리 높지 않습니다. 그렇다고 아주 나쁜 건 아니고요.^^', 'sim****', 'https://nimg.lfmall.co.kr/file/WAS/reviewPath/2023/600/yjh0_iy8tmk86363u918y25s1.png', '밝은 바이올렛', '90', 'PHOTO', '5', 'BIG', '예전에 구입해 입던...', 10073);
INSERT INTO public.product_review (id, creation_date, last_modified_date, best_review_yn, color_review, content, id_member, image_url, order_color, order_size, review_type, score, size_review, title, id_product) VALUES (10115, '2023-03-21 14:56:37.059000 +00:00', null, 'Y', 'SAME', '더운 원단이라.. 여름에는 더율것 같지만.. 디자인은 예쁘네요.. 편하기 잘 입을것 같아요', 'hae****', 'https://nimg.lfmall.co.kr/file/WAS/reviewPath/2023/600/haem_8t2z3x2vqq2e1t460pqo.jpg', 'None', 'Navy, Free', 'PHOTO', '5', 'BIG', '더운 원단이라.. ...', 10074);
INSERT INTO public.product_review (id, creation_date, last_modified_date, best_review_yn, color_review, content, id_member, image_url, order_color, order_size, review_type, score, size_review, title, id_product) VALUES (10116, '2023-01-30 14:56:37.059000 +00:00', null, 'Y', 'BRIGHTER', '따뜻해지면 독특한 디자인이라서 더 이쁘게 입을 것 같아요', 'kim****', null, 'None', '화이트, 66', 'TEXT', '5', 'RIGHT', '따뜻해지면 독특한 ...', 10075);
INSERT INTO public.product_review (id, creation_date, last_modified_date, best_review_yn, color_review, content, id_member, image_url, order_color, order_size, review_type, score, size_review, title, id_product) VALUES (10117, '2022-12-09 14:56:37.059000 +00:00', null, 'Y', 'SAME', '도툼해서 따뜻해요ㆍ타이트하지않아  단독으로 입기도 좋아요ㆍ무늬도 색감도 봄스럽습니다', 'sun******', 'https://nimg.lfmall.co.kr/file/WAS/reviewPath/2022/600/sunn_0555ol2g51isu0ulv5e7_0_4.jpg', '노랑', '00M', 'PHOTO', '5', 'SMALL', '도툼해서 따뜻해요ㆍ...', 10076);
INSERT INTO public.product_review (id, creation_date, last_modified_date, best_review_yn, color_review, content, id_member, image_url, order_color, order_size, review_type, score, size_review, title, id_product) VALUES (10118, '2023-03-17 14:56:37.059000 +00:00', null, 'Y', 'SAME', '봄에 입으시라고 선물 드렸어요 너무 이쁘네요\r\n완전 고급스러워 보여서 블랙 바지에 입으면 찰떡이에요', 'mas*****', 'https://nimg.lfmall.co.kr/file/WAS/reviewPath/2023/600/masa_64zqg32570o183v6c3gt_0_4.jpg', '네이비', '088', 'PHOTO', '5', 'RIGHT', '봄에 입으시라고 선...', 10077);
INSERT INTO public.product_review (id, creation_date, last_modified_date, best_review_yn, color_review, content, id_member, image_url, order_color, order_size, review_type, score, size_review, title, id_product) VALUES (10119, '2023-03-19 14:56:37.059000 +00:00', null, 'Y', 'SAME', '여름에 잘 입을것같아요 시원한 옷감이고 저렴하게 잘 구매했네요', 'xld****', 'https://nimg.lfmall.co.kr/file/WAS/reviewPath/2023/600/xldr_c5mj262k267qw49zba57.jpg', 'None', '베이지, F', 'PHOTO', '5', 'RIGHT', '여름에 잘 입을것같...', 10078);
INSERT INTO public.product_review (id, creation_date, last_modified_date, best_review_yn, color_review, content, id_member, image_url, order_color, order_size, review_type, score, size_review, title, id_product) VALUES (10120, '2023-03-11 14:56:37.059000 +00:00', null, 'Y', 'BRIGHTER', '화사한 핑크에요~\n가오리핏이라 붙지않고\n어깨 안쪽부터 절개선이 아래로 내려와서\n어깨가 넓어보이진 않습니다\n흰색 반팔티셔츠 레이어드하면 더 이뻐요', 'her*****', 'https://nimg.lfmall.co.kr/file/WAS/reviewPath/2023/600/hera_z98ga5cm9kk59h8zmlm5.jpg', 'None', 'Light Pink, FREE', 'PHOTO', '5', 'RIGHT', '화사한 핑크에요~\n...', 10079);
INSERT INTO public.product_review (id, creation_date, last_modified_date, best_review_yn, color_review, content, id_member, image_url, order_color, order_size, review_type, score, size_review, title, id_product) VALUES (10121, '2023-03-15 14:56:37.059000 +00:00', null, 'Y', 'SAME', '색상 예뻐요. 근데 슬림한 옷이라 많이 붙어요. 살빼고 있어야 할꺼 같아요', 'fla*****', 'https://nimg.lfmall.co.kr/file/WAS/reviewPath/2023/600/flav_1cq5m0k6faw2aylx92ev.jpeg', '핑크', '00M', 'PHOTO', '5', 'SMALL', '색상 예뻐요. 근데...', 10080);
INSERT INTO public.product_review (id, creation_date, last_modified_date, best_review_yn, color_review, content, id_member, image_url, order_color, order_size, review_type, score, size_review, title, id_product) VALUES (10122, '2023-03-15 14:56:37.059000 +00:00', null, 'Y', 'SAME', '색상도 이쁘고 편하고 좋아요\n쿠폰 사용해서 좋은 가격에 구매했습니다', 'soo*****', 'https://nimg.lfmall.co.kr/file/WAS/reviewPath/2023/600/sook_h41i4is1v8i978v1jej8.jpg', '핑크', '091', 'PHOTO', '5', 'RIGHT', '색상도 이쁘고 편하...', 10081);
INSERT INTO public.product_review (id, creation_date, last_modified_date, best_review_yn, color_review, content, id_member, image_url, order_color, order_size, review_type, score, size_review, title, id_product) VALUES (10123, '2023-03-20 14:56:37.059000 +00:00', null, 'Y', 'SAME', '사무실 실내에서 입기엔 좀 두깨감이 있지만 착용시 깔끔하고 주머니도 장식이 아니어서 좋습니다', 'ter******', 'https://nimg.lfmall.co.kr/file/WAS/reviewPath/2023/600/terr_ucutlz23g9xa0uy7fkq6.jpg', 'None', '브라운, 66', 'PHOTO', '4', 'RIGHT', '사무실 실내에서 입...', 10082);
INSERT INTO public.product_review (id, creation_date, last_modified_date, best_review_yn, color_review, content, id_member, image_url, order_color, order_size, review_type, score, size_review, title, id_product) VALUES (10124, '2023-03-23 14:56:37.059000 +00:00', null, 'Y', 'SAME', '원피스디자인이예뻐요.자연스러운 실루엣으로 입을때도 편해요.배송ok', 'coo*****', 'https://nimg.lfmall.co.kr/file/WAS/reviewPath/2023/600/cook_4i2uk4715j8wa387864x.jpg', 'None', '블랙, 66', 'PHOTO', '5', 'RIGHT', '원피스디자인이예뻐요...', 10083);
INSERT INTO public.product_review (id, creation_date, last_modified_date, best_review_yn, color_review, content, id_member, image_url, order_color, order_size, review_type, score, size_review, title, id_product) VALUES (10125, '2023-03-15 14:56:37.059000 +00:00', null, 'Y', 'BRIGHTER', '단정하게 보이고 품도 넉넉해서 배 나온것도 커버되고\n좋아요\n3월 결혼식이 있어서 하객룩으로 샀어요 \n갖춰입은느낌인데 편하게 입을수 있는게 좋네요', 'hnh****', 'https://nimg.lfmall.co.kr/file/WAS/reviewPath/2023/600/stro_j5r1g2r8753u631s2ey6.jpg', '진한 그레이', '085', 'PHOTO', '5', 'RIGHT', '단정하게 보이고 품...', 10084);
INSERT INTO public.product_review (id, creation_date, last_modified_date, best_review_yn, color_review, content, id_member, image_url, order_color, order_size, review_type, score, size_review, title, id_product) VALUES (10126, '2023-03-18 14:56:37.059000 +00:00', null, 'Y', 'BRIGHTER', '간절기에 가디건을 위에 걸치면 멋스러울 듯요.\n지금은 한여름이 아니라 \n괜찮지만 여름엔 목부분 여밈으로 입어야\n멋스러워서 답답할 수도 있는\n디자인입니다.\n품은 넉넉하고 밸트가 있어\n묶으면 날씬해보여요.\n제품 사이즈가 커서 살짝 아쉽긴 하지만 \n입기로 결정했습니다.', 'hj3***', 'https://nimg.lfmall.co.kr/file/WAS/reviewPath/2023/600/hj38_2uqmeu9ta73xs9zb62uz.jpg', 'None', '036', 'PHOTO', '5', 'BIG', '간절기에 가디건을 ...', 10085);
INSERT INTO public.product_review (id, creation_date, last_modified_date, best_review_yn, color_review, content, id_member, image_url, order_color, order_size, review_type, score, size_review, title, id_product) VALUES (10127, '2023-03-19 14:56:37.059000 +00:00', null, 'Y', 'DARKER', '사진 보다는 살짝 더 진한 색깔입니다. 키가 작은 사람에게는 약간 길어 보여요', 'ids**', null, '진한 그레이', '091', 'TEXT', '5', 'RIGHT', '사진 보다는 살짝 ...', 10086);
INSERT INTO public.product_review (id, creation_date, last_modified_date, best_review_yn, color_review, content, id_member, image_url, order_color, order_size, review_type, score, size_review, title, id_product) VALUES (10128, '2023-03-10 14:56:37.059000 +00:00', null, 'Y', 'DARKER', '천이 얇은 셔츠천같아요....속이 훤히 비쳐서 슬립입어주셔야하고....단추구멍 마무리가 제대로 안되어있어서...단추에 실이 계속 걸려서...옷에 올이 나갈지경ㅜㅜ\n입기전에 꼭 실밥정리하셔야합니당\n그래도 착한가격에 예쁜 디자인~~만족^^', 'psh******', 'https://nimg.lfmall.co.kr/file/WAS/reviewPath/2023/600/pshe_m16q4urvs1gmwt0n04nd.jpg', 'None', '아이보리, F', 'PHOTO', '4', 'RIGHT', '천이 얇은 셔츠천같...', 10087);
INSERT INTO public.product_review (id, creation_date, last_modified_date, best_review_yn, color_review, content, id_member, image_url, order_color, order_size, review_type, score, size_review, title, id_product) VALUES (10129, '2023-03-08 14:56:37.059000 +00:00', null, 'Y', 'SAME', '엄청 심플한 원피스인데 과하지 않은 플레어가 심심하지 않게 해주세요\n사이즈도 살짝 넉넉히 잘맞고 핏이 넘 맘에들어요\n다른색도 살까 고민입니다', 'tim*******', 'https://nimg.lfmall.co.kr/file/WAS/reviewPath/2023/600/timi_g2rc8rea989lt3j480b5.jpeg', 'None', 'Black, S', 'PHOTO', '5', 'RIGHT', '엄청 심플한 원피스...', 10088);
INSERT INTO public.product_review (id, creation_date, last_modified_date, best_review_yn, color_review, content, id_member, image_url, order_color, order_size, review_type, score, size_review, title, id_product) VALUES (10130, '2023-03-02 14:56:37.059000 +00:00', null, 'Y', 'SAME', '사이즈 때문에 다른 분들 리뷰 많이 참고했어요. 약간 큰 느낌이 있지만 낙낙하게 편하게 입을 것 같아서 더 좋아요. 길이도 너무 길지 않고 자가드 린넨? 같은 소재라 비침 걱정도 없겠네요. 이 정도 두께면 아주 더운 날 야외 빼고는 무난히 여름에 입을 수 있을 것 같아요. 플레어 드레스랑 같이 주문했는데 이게 훨씬 멋스럽고 마음에 듭니다. 아 마감처리도 참 깔끔해요. 올리브색이 있으면 주문하고 싶을 정도예요.', 'wei*********', 'https://nimg.lfmall.co.kr/file/WAS/reviewPath/2023/600/weis_yt098c7vl873e6560v17.jpeg', 'None', 'Beige, S', 'PHOTO', '5', 'BIG', '사이즈 때문에 다른...', 10089);
INSERT INTO public.product_review (id, creation_date, last_modified_date, best_review_yn, color_review, content, id_member, image_url, order_color, order_size, review_type, score, size_review, title, id_product) VALUES (10131, '2023-03-05 14:56:37.059000 +00:00', null, 'Y', 'SAME', '사이즈 넉넉한 한사이즈 작게 해도 될듯,, 커도 차르르 흐르는 타입 이여서 커도 괜찬음', 'sep***', 'https://nimg.lfmall.co.kr/file/WAS/reviewPath/2023/600/sep9_w70wxqvljvwhv6ae4h6t.jpeg', '네이비', '088', 'PHOTO', '5', 'RIGHT', '사이즈 넉넉한 한사...', 10090);
INSERT INTO public.product_review (id, creation_date, last_modified_date, best_review_yn, color_review, content, id_member, image_url, order_color, order_size, review_type, score, size_review, title, id_product) VALUES (10132, '2023-03-04 14:56:37.059000 +00:00', null, 'Y', 'SAME', '딸아이사줬는데딱맞아요\n아쉬움이있다면밸트걸이가없어서움직이니모양이쫌안나요', 'vke*******', null, 'None', 'BLACK, 55(FREE)', 'TEXT', '4', 'RIGHT', '딸아이사줬는데딱맞아...', 10091);
INSERT INTO public.product_review (id, creation_date, last_modified_date, best_review_yn, color_review, content, id_member, image_url, order_color, order_size, review_type, score, size_review, title, id_product) VALUES (10133, '2023-02-23 14:56:37.059000 +00:00', null, 'Y', 'SAME', '날씨 좀 따듯해지면 입으려고 샀는데 너무 마음에 들어요! 원단이나 마감 다 마음에 들어요. 치마같으면서 통바지라 편하고 한 벌 더 사서 매일 돌려입고 싶을 정도입니다', 'sno*****', 'https://nimg.lfmall.co.kr/file/WAS/reviewPath/2023/600/snow_cjnw8uq92rz076k56v3x.jpg', 'None', 'NAVY, FREE', 'PHOTO', '5', 'BIG', '날씨 좀 따듯해지면...', 10092);
INSERT INTO public.product_review (id, creation_date, last_modified_date, best_review_yn, color_review, content, id_member, image_url, order_color, order_size, review_type, score, size_review, title, id_product) VALUES (10134, '2023-03-18 14:56:37.059000 +00:00', null, 'Y', 'SAME', '아아보리색 코듀로이 사고싶었는데 딱 입니다 길이감도 좋아요', 'you******', 'https://nimg.lfmall.co.kr/file/WAS/reviewPath/2023/600/youj_yd2213v7m29x2lmh01ym.jpg', 'None', '아이보리, 55', 'PHOTO', '5', 'RIGHT', '아아보리색 코듀로이...', 10093);
INSERT INTO public.product_review (id, creation_date, last_modified_date, best_review_yn, color_review, content, id_member, image_url, order_color, order_size, review_type, score, size_review, title, id_product) VALUES (10135, '2023-03-10 14:56:37.059000 +00:00', null, 'Y', 'SAME', '같은 모델로 색상만 다른걸. 구입했는데 무슨 사이즈가 이렇게 다른건지', 'pax****', null, 'None', '멜란지그레이, 77', 'TEXT', '5', 'BIG', '같은 모델로 색상만...', 10094);
INSERT INTO public.product_review (id, creation_date, last_modified_date, best_review_yn, color_review, content, id_member, image_url, order_color, order_size, review_type, score, size_review, title, id_product) VALUES (10136, '2023-03-13 14:56:37.059000 +00:00', null, 'Y', 'SAME', '스판없는 생지 찾으시는 분 이거 사세요.\n기장은 괜찮은데, 저처럼 힙이 없으신 분은 클 수도 있을 것 같네요! 아무튼 만족스러운 제품입니다!', 'whd*********', null, '진한 블루', '00S', 'TEXT', '5', 'RIGHT', '스판없는 생지 찾으...', 10095);
INSERT INTO public.product_review (id, creation_date, last_modified_date, best_review_yn, color_review, content, id_member, image_url, order_color, order_size, review_type, score, size_review, title, id_product) VALUES (10137, '2023-03-20 14:56:37.059000 +00:00', null, 'Y', 'SAME', '꼼꼼한 포장 빠른 배송 바지도 마음에 듭니다 좋아요.', 'pur******', 'https://nimg.lfmall.co.kr/file/WAS/reviewPath/2023/600/pure_887yn08xix7d7e7dn44d.jpg', '네이비', '082', 'PHOTO', '5', 'RIGHT', '꼼꼼한 포장 빠른 ...', 10096);
INSERT INTO public.product_review (id, creation_date, last_modified_date, best_review_yn, color_review, content, id_member, image_url, order_color, order_size, review_type, score, size_review, title, id_product) VALUES (10138, '2023-03-20 14:56:37.059000 +00:00', null, 'Y', 'SAME', '다른색상옷보다 사이즈가 조금 크네요 편하게 입을수있는 팬츠입니다', 'jey*****', 'https://nimg.lfmall.co.kr/file/WAS/reviewPath/2023/600/jeyu_9117ra6274fj9268ymge.jpg', '베이지', '073', 'PHOTO', '4', 'RIGHT', '다른색상옷보다 사이...', 10097);
INSERT INTO public.product_review (id, creation_date, last_modified_date, best_review_yn, color_review, content, id_member, image_url, order_color, order_size, review_type, score, size_review, title, id_product) VALUES (10139, '2023-03-20 14:56:37.059000 +00:00', null, 'Y', 'SAME', '사이즈 딱 맞아요! \n데일리로 잘 입을거같아요~\n핏도 길이도 딱입니다', 'isb******', 'https://nimg.lfmall.co.kr/file/WAS/reviewPath/2023/600/isbi_44m90k8oom7wn8b6c1t1.jpeg', '아이보리', '00M', 'PHOTO', '5', 'RIGHT', '사이즈 딱 맞아요!...', 10098);
INSERT INTO public.product_review (id, creation_date, last_modified_date, best_review_yn, color_review, content, id_member, image_url, order_color, order_size, review_type, score, size_review, title, id_product) VALUES (10140, '2023-03-20 14:56:37.059000 +00:00', null, 'Y', 'SAME', '바지통은 너무 펑퍼짐하고 길이라도 길면 괜한데 길이도 \n짧아서 ㅎㅎ', 'soo*****', 'https://nimg.lfmall.co.kr/file/WAS/reviewPath/2023/600/sook_3w4p681s23o52maxd7tq.jpeg', '블랙', '076', 'PHOTO', '4', 'SMALL', '바지통은 너무 펑퍼...', 10099);
INSERT INTO public.product_review (id, creation_date, last_modified_date, best_review_yn, color_review, content, id_member, image_url, order_color, order_size, review_type, score, size_review, title, id_product) VALUES (10141, '2023-03-18 14:56:37.059000 +00:00', null, 'Y', 'SAME', '가성비 좋은 바지네요 키가 작아 길이는 수선해야 하지만 초여름까지 충분히 입을수 있을거 같아요', 'hop*******', 'https://nimg.lfmall.co.kr/file/WAS/reviewPath/2023/600/hope_5y4upczgh1hv7rz316k0.jpg', 'None', '밀크베이지, 44', 'PHOTO', '5', 'RIGHT', '가성비 좋은 바지네...', 10100);
INSERT INTO public.product_review (id, creation_date, last_modified_date, best_review_yn, color_review, content, id_member, image_url, order_color, order_size, review_type, score, size_review, title, id_product) VALUES (10142, '2023-03-18 14:56:37.059000 +00:00', null, 'Y', 'SAME', '마음에 들어요 무난하고 맘에들어요 키큰 분들은 조금 짧을것 같아요', 'col****', null, '블랙', 'BLACK, 0XS', 'TEXT', '5', 'RIGHT', '마음에 들어요 무난...', 10101);
INSERT INTO public.product_review (id, creation_date, last_modified_date, best_review_yn, color_review, content, id_member, image_url, order_color, order_size, review_type, score, size_review, title, id_product) VALUES (10143, '2023-03-11 14:56:37.059000 +00:00', null, 'Y', 'SAME', '무료로 싸이즈교환해서 사이즈 딱맞게 잘 맞아요\n꽃샘추위 봄에 입고 나들이 거야겠어요\n닥스답게 소재가 고급스럽네요', 'raw******', 'https://nimg.lfmall.co.kr/file/WAS/reviewPath/2023/600/rawo_uqyc6gj31ejv0444i0w5.jpeg', '밝은 그레이', '076', 'PHOTO', '5', 'RIGHT', '무료로 싸이즈교환해...', 10103);
INSERT INTO public.product_review (id, creation_date, last_modified_date, best_review_yn, color_review, content, id_member, image_url, order_color, order_size, review_type, score, size_review, title, id_product) VALUES (10144, '2023-03-15 14:56:37.059000 +00:00', null, 'Y', 'BRIGHTER', '제가 찾던 플레이어 스커트라 맘에들어요\n색상이 좀더 진했으면 하는 약간의 아쉬움이\n있어서 별하나 뺏어요\n무난하게. 잘입을것 같아요', 'pmm*****', null, '블랙', '70', 'TEXT', '4', 'RIGHT', '제가 찾던 플레이어...', 10104);
INSERT INTO public.product_review (id, creation_date, last_modified_date, best_review_yn, color_review, content, id_member, image_url, order_color, order_size, review_type, score, size_review, title, id_product) VALUES (10145, '2023-03-10 14:56:37.059000 +00:00', null, 'Y', 'SAME', '디테일도 예쁘고 핏도 색상도 가격도 모두 예쁜 옷입니다. 다만 스판끼 없고 무겁네요', 'ddu*****', 'https://nimg.lfmall.co.kr/file/WAS/reviewPath/2023/600/dduk_iwwyns656bdfrygs41ke.jpg', '블랙', '00M', 'PHOTO', '5', 'RIGHT', '디테일도 예쁘고 핏...', 10105);
INSERT INTO public.product_review (id, creation_date, last_modified_date, best_review_yn, color_review, content, id_member, image_url, order_color, order_size, review_type, score, size_review, title, id_product) VALUES (10146, '2023-03-21 14:56:37.059000 +00:00', null, 'Y', 'SAME', '천이 약간 바스락거리고 거친 편이라 입을 때 차름하게 떨어지지는 않는군요~~', 'shs***', null, '베이지', '73', 'TEXT', '4', 'RIGHT', '천이 약간 바스락거...', 10106);
INSERT INTO public.product_review (id, creation_date, last_modified_date, best_review_yn, color_review, content, id_member, image_url, order_color, order_size, review_type, score, size_review, title, id_product) VALUES (10147, '2023-03-14 14:56:37.059000 +00:00', null, 'Y', 'SAME', '엠사이즈가허리가좀크네요수선해서입으면딱일거같아요ㅎ옷은아주맘에듭니다', 'tol********', null, '네이비', '00M', 'TEXT', '5', 'RIGHT', '엠사이즈가허리가좀크...', 10107);
INSERT INTO public.product_review (id, creation_date, last_modified_date, best_review_yn, color_review, content, id_member, image_url, order_color, order_size, review_type, score, size_review, title, id_product) VALUES (10148, '2023-03-15 14:56:37.059000 +00:00', null, 'Y', 'SAME', '진짜 ㅎ 교복같은 스타일이네요.\n소재가 얇아서 여름까지 입을 수 있겠어요.\n허리가 많이커서 수선했습니다.\n얼마전 이상기후로  더워서 맨다리에ㅠ입고 나갔는데 구김이 약간 가는것 말고는 괜찮았어요. \n', 'gsh*******', 'https://nimg.lfmall.co.kr/file/WAS/reviewPath/2023/600/yiel_tqn9a732bd7v2g1z757g.jpg', '진한 네이비', '00S', 'PHOTO', '4', 'RIGHT', '진짜 ㅎ 교복같은 ...', 10108);
INSERT INTO public.product_review (id, creation_date, last_modified_date, best_review_yn, color_review, content, id_member, image_url, order_color, order_size, review_type, score, size_review, title, id_product) VALUES (10149, '2023-03-20 14:56:37.059000 +00:00', null, 'Y', 'SAME', '완전 기대 이상의 치마에요 가볍운데 형태 유지도 잘 되네요', 'mt0***', 'https://nimg.lfmall.co.kr/file/WAS/reviewPath/2023/600/sant_61g1rw33wp26ig6rj866_0_4.jpg', '블랙', 'M(038)', 'PHOTO', '5', 'RIGHT', '완전 기대 이상의 ...', 10109);
INSERT INTO public.product_review (id, creation_date, last_modified_date, best_review_yn, color_review, content, id_member, image_url, order_color, order_size, review_type, score, size_review, title, id_product) VALUES (10150, '2023-03-19 14:56:37.059000 +00:00', null, 'Y', 'SAME', '바느질 불량으로 교환해서 받았지만 디자인이며, 핏이 정말 맘에 듭니다.', 'tkk***', 'https://nimg.lfmall.co.kr/file/WAS/reviewPath/2022/600/eyle_obkk66bbg5nw93x2gs9g_0_4.jpg', '블랙', '00M', 'PHOTO', '5', 'SMALL', '바느질 불량으로 교...', 10110);
INSERT INTO public.product_review (id, creation_date, last_modified_date, best_review_yn, color_review, content, id_member, image_url, order_color, order_size, review_type, score, size_review, title, id_product) VALUES (10151, '2023-03-19 14:56:37.059000 +00:00', null, 'Y', 'SAME', '소재도 좋구 라인이 넘 이쁘게 떨어져요~\n체형커버에 딱이예요', 'tnd******', 'https://nimg.lfmall.co.kr/file/WAS/reviewPath/2023/600/kaj0_94kok0mnhfm6218k4vjk.jpeg', 'None', 'GYD(진회색), FRE', 'PHOTO', '5', 'RIGHT', '소재도 좋구 라인이...', 10111);
INSERT INTO public.product_review (id, creation_date, last_modified_date, best_review_yn, color_review, content, id_member, image_url, order_color, order_size, review_type, score, size_review, title, id_product) VALUES (10152, '2023-03-09 14:56:37.059000 +00:00', null, 'Y', 'DARKER', '같은 모델 검정색을 사고 너무 마음에 들어서 베이지색도 구매했는데 좀 다르네요?! 안에 속치마도 없고 기모도 안들어가 있어요... 진짜 얇은 스커트이니 참고하세용~', 'meg****', 'https://nimg.lfmall.co.kr/file/WAS/reviewPath/2023/600/mega_8xqt154tk0v1z8t8zy66.jpg', '베이지', '70', 'PHOTO', '4', 'RIGHT', '같은 모델 검정색을...', 10112);
INSERT INTO public.product_review (id, creation_date, last_modified_date, best_review_yn, color_review, content, id_member, image_url, order_color, order_size, review_type, score, size_review, title, id_product) VALUES (10153, '2023-03-19 14:56:37.059000 +00:00', null, 'Y', 'SAME', '허리가 약간 크긴한데 이쁩니다\n사이즈 교환할까 하다 너무 타이트할거 같아 그냥 입으려구요', 'chz********', 'https://nimg.lfmall.co.kr/file/WAS/reviewPath/2023/600/amap_79u72oa6zwxvk1j4ss4x.jpg', '베이지', '00S', 'PHOTO', '5', 'RIGHT', '허리가 약간 크긴한...', 10113);
INSERT INTO public.product_review (id, creation_date, last_modified_date, best_review_yn, color_review, content, id_member, image_url, order_color, order_size, review_type, score, size_review, title, id_product) VALUES (10154, '2023-03-11 14:56:37.059000 +00:00', null, 'Y', 'SAME', '스커트 색상이 이뻐요. 길이감도 좋고 마음에 드는 옷 입니다', 'wwb****', 'https://nimg.lfmall.co.kr/file/WAS/reviewPath/2023/600/wwbj_m1z6jd2cu8n75o5fycto.jpg', '블루', '00M', 'PHOTO', '4', 'RIGHT', '스커트 색상이 이뻐...', 10114);
INSERT INTO public.product_review (id, creation_date, last_modified_date, best_review_yn, color_review, content, id_member, image_url, order_color, order_size, review_type, score, size_review, title, id_product) VALUES (10155, '2023-03-21 14:56:37.059000 +00:00', null, 'Y', 'SAME', '배송빠르고 좋아요\n디자인 좋아요 ', 'dbb****', 'https://nimg.lfmall.co.kr/file/WAS/reviewPath/2022/600/ccir_4j63y3g88d3dssov8e8m_0_4.jpg', 'None', '아이보리, S', 'PHOTO', '5', 'RIGHT', '배송빠르고 좋아요 ...', 10115);
INSERT INTO public.product_review (id, creation_date, last_modified_date, best_review_yn, color_review, content, id_member, image_url, order_color, order_size, review_type, score, size_review, title, id_product) VALUES (10156, '2023-03-18 14:56:37.059000 +00:00', null, 'Y', 'SAME', '넘넘 앙증맞고 이뻐요\n어깨부분이 포인트되서 넘 귀엽네요\n파란색듀 사고싶어요!\n크롭이라 출산한지 얼마안되서 힘을 좀 주긴 줘야겠어요~', 'mos****', 'https://nimg.lfmall.co.kr/file/WAS/reviewPath/2023/600/mosc_86uajr53un6418fyau7z.jpeg', 'None', 'BLACK, FREE', 'PHOTO', '5', 'RIGHT', '넘넘 앙증맞고 이뻐...', 10116);
INSERT INTO public.product_review (id, creation_date, last_modified_date, best_review_yn, color_review, content, id_member, image_url, order_color, order_size, review_type, score, size_review, title, id_product) VALUES (10157, '2023-03-20 14:56:37.059000 +00:00', null, 'Y', 'SAME', '이너로 입기에 참 좋구요 소재도 생각보다 부드럽고 좋은것 같아유~~', 'Lov*****', 'https://nimg.lfmall.co.kr/file/WAS/reviewPath/2022/600/aplu_ot03x0b6115u2hn0okrr_0_4.jpg', 'None', 'FREE(44~55)', 'PHOTO', '5', 'RIGHT', '이너로 입기에 참 ...', 10117);
INSERT INTO public.product_review (id, creation_date, last_modified_date, best_review_yn, color_review, content, id_member, image_url, order_color, order_size, review_type, score, size_review, title, id_product) VALUES (10158, '2023-03-18 14:56:37.059000 +00:00', null, 'Y', 'SAME', '딸에게 선물 햇든이\n센스 있는 엄마로 점수 받아서요\n올해 유행 색상이 파스텔톤 이라고 하네요 \n', 'bee*****', 'https://nimg.lfmall.co.kr/file/WAS/reviewPath/2023/600/beer_lb7v00v24c2hqx2euy5o.jpg', 'None', 'MINT, M', 'PHOTO', '5', 'RIGHT', '딸에게 선물 ...', 10118);
INSERT INTO public.product_review (id, creation_date, last_modified_date, best_review_yn, color_review, content, id_member, image_url, order_color, order_size, review_type, score, size_review, title, id_product) VALUES (10159, '2023-03-08 14:56:37.059000 +00:00', null, 'Y', 'SAME', '163/50키로 보통 L 또는 M 즐겨입습니다 \nM사이즈에 가깝습니다\n색상이쁘고 면100프로라 더욱 좋고 추천합니다 \n여성복s입는 분은 클것 같아요\n\n단 손목의 시볼가 좀 제겐 헐거워요\n예쁘게 잘 입겠습니다', '010********', 'https://nimg.lfmall.co.kr/file/WAS/reviewPath/2023/600/0102_79yf030to3t70g5ri8yp.jpeg', 'None', '오트밀, S', 'PHOTO', '5', 'RIGHT', '163/50키로 보...', 10119);
INSERT INTO public.product_review (id, creation_date, last_modified_date, best_review_yn, color_review, content, id_member, image_url, order_color, order_size, review_type, score, size_review, title, id_product) VALUES (10160, '2023-03-18 14:56:37.059000 +00:00', null, 'Y', 'SAME', '깔끔하고  이뻐요  제질도 가격대비 너무조으네요  다른색도 구입할 예정입니다', 'woo********', null, 'None', '화이트, M', 'TEXT', '5', 'RIGHT', '깔끔하고  이뻐요 ...', 10120);
INSERT INTO public.product_review (id, creation_date, last_modified_date, best_review_yn, color_review, content, id_member, image_url, order_color, order_size, review_type, score, size_review, title, id_product) VALUES (10161, '2023-03-12 14:56:37.059000 +00:00', null, 'Y', 'SAME', '55반사이즌데 s사이즈 잘맞네요\n색상은 완전화이트는 아니고 미색 아이보리색에 가깝네용\n허리라인 들어가서 날씬해보이고 소재가 엄청 좋아요', 'eri******', 'https://nimg.lfmall.co.kr/file/WAS/reviewPath/2023/600/eric_zcxi7b2422s6hc5r2301.jpeg', 'None', 'IVORY, S', 'PHOTO', '5', 'RIGHT', '55반사이즌데 s사...', 10121);
INSERT INTO public.product_review (id, creation_date, last_modified_date, best_review_yn, color_review, content, id_member, image_url, order_color, order_size, review_type, score, size_review, title, id_product) VALUES (10162, '2023-03-11 14:56:37.059000 +00:00', null, 'Y', 'SAME', '색상도 화사하고 예쁘네요 여름에도 입을 수 있을 것 같아요', 'cys****', 'https://nimg.lfmall.co.kr/file/WAS/reviewPath/2023/600/iamb_6g23x12v180k18c14fm4.jpg', 'None', 'PINK, FREE', 'PHOTO', '5', 'RIGHT', '색상도 화사하고 예...', 10122);
INSERT INTO public.product_review (id, creation_date, last_modified_date, best_review_yn, color_review, content, id_member, image_url, order_color, order_size, review_type, score, size_review, title, id_product) VALUES (10163, '2023-03-18 14:56:37.059000 +00:00', null, 'Y', 'SAME', '일자로 통이 넓게 떨어지는 스타일이에요 예쁘고 소재도 부드러워요~', 'bri******', null, 'None', 'MELANGE GREY, M', 'TEXT', '5', 'RIGHT', '일자로 통이 넓게 ...', 10123);
INSERT INTO public.product_review (id, creation_date, last_modified_date, best_review_yn, color_review, content, id_member, image_url, order_color, order_size, review_type, score, size_review, title, id_product) VALUES (10164, '2023-03-15 14:56:37.059000 +00:00', null, 'Y', 'SAME', '소재 톡톡해서 고급스러워요.\n세일러카라덕에 여기저기잘어울리게 연출할수있어서\n자주입어지는 아이템이에요 길이고 크롭길이라 딱좋아요', 'dki***', 'https://nimg.lfmall.co.kr/file/WAS/reviewPath/2023/600/dki3_41374157gr62482x7lec.jpg', 'None', 'BLACK, FREE', 'PHOTO', '5', 'RIGHT', '소재 톡톡해서 고급...', 10124);
INSERT INTO public.product_review (id, creation_date, last_modified_date, best_review_yn, color_review, content, id_member, image_url, order_color, order_size, review_type, score, size_review, title, id_product) VALUES (10165, '2023-03-09 14:56:37.059000 +00:00', null, 'Y', 'SAME', '아들 편하게 막 입으라고 구매했는데 무난해서 좋은것 같아요. 소매 시보리가 있어서 편하구요.', 'swe*****', null, 'None', '화이트, M', 'TEXT', '4', 'RIGHT', '아들 편하게 막 입...', 10125);
INSERT INTO public.product_review (id, creation_date, last_modified_date, best_review_yn, color_review, content, id_member, image_url, order_color, order_size, review_type, score, size_review, title, id_product) VALUES (10166, '2023-03-21 14:56:37.059000 +00:00', null, 'Y', 'SAME', '저렴한 가격에 예븐 옷 샀습니다.\n빨리 말씨가 띠뜻해져서 아이 입혀보고 싶네요!', 'tdf*****', 'https://nimg.lfmall.co.kr/file/WAS/reviewPath/2023/600/tdfj_922whg99ua7328398q9n.jpeg', 'None', '그린, 100', 'PHOTO', '5', 'RIGHT', '저렴한 가격에 예븐...', 10126);
INSERT INTO public.product_review (id, creation_date, last_modified_date, best_review_yn, color_review, content, id_member, image_url, order_color, order_size, review_type, score, size_review, title, id_product) VALUES (10167, '2023-03-21 14:56:37.059000 +00:00', null, 'Y', 'SAME', '저렴한 가격에 예쁜 옷 샀습니다.\n빨리 날씨가 따뜻해져서 아이 입혀보고 싶네요!', 'tdf*****', 'https://nimg.lfmall.co.kr/file/WAS/reviewPath/2023/600/tdfj_alcs8cddy7n7rs17hb12.jpeg', 'None', '바이올렛, 100', 'PHOTO', '5', 'RIGHT', '저렴한 가격에 예쁜...', 10127);
INSERT INTO public.product_review (id, creation_date, last_modified_date, best_review_yn, color_review, content, id_member, image_url, order_color, order_size, review_type, score, size_review, title, id_product) VALUES (10168, '2023-03-11 14:56:37.059000 +00:00', null, 'Y', 'SAME', '통통한 아이라 한사이즈 업 해서 주문했어요.\n살짝 접어 입혀야겠어요', 'hwa****', 'https://nimg.lfmall.co.kr/file/WAS/reviewPath/2023/600/hwa0_h325968jh5si5ciacam7.jpg', 'None', '베이지, 150', 'PHOTO', '5', 'RIGHT', '통통한 아이라 한사...', 10128);
INSERT INTO public.product_review (id, creation_date, last_modified_date, best_review_yn, color_review, content, id_member, image_url, order_color, order_size, review_type, score, size_review, title, id_product) VALUES (10169, '2023-03-11 14:56:37.059000 +00:00', null, 'Y', 'SAME', '사이즈 딱 괜찮아요 \n지금 갑자기 날씨가 더워져서 바로 입혔어요~ \n', 'myc*****', null, 'None', '110', 'TEXT', '5', 'RIGHT', '사이즈 딱 괜찮아요...', 10129);
INSERT INTO public.product_review (id, creation_date, last_modified_date, best_review_yn, color_review, content, id_member, image_url, order_color, order_size, review_type, score, size_review, title, id_product) VALUES (10170, '2023-03-17 14:56:37.059000 +00:00', null, 'Y', 'SAME', '배송 빠르고 제품 깔끔하게 잘받았어요\n가격도 좋고 이뻐요', 'kan******', 'https://nimg.lfmall.co.kr/file/WAS/reviewPath/2023/600/kang_aw2k4cd5p7rt4lb4ggqe.jpg', 'None', '120', 'PHOTO', '5', 'RIGHT', '배송 빠르고 제품 ...', 10130);
INSERT INTO public.product_review (id, creation_date, last_modified_date, best_review_yn, color_review, content, id_member, image_url, order_color, order_size, review_type, score, size_review, title, id_product) VALUES (10171, '2023-03-15 14:56:37.059000 +00:00', null, 'Y', 'SAME', '가볍고 봄 셔츠로 딱입니다~아이한테도 잘 어울리고 화면과같은 느낌이에요~사진이 밝게 나왔지만, 실제는 화면과 같아요.약간 크게 샀어요~', 'psy****', 'https://nimg.lfmall.co.kr/file/WAS/reviewPath/2023/600/psy1_6ku9m4i8b0t3ppdlvj1n.jpg', 'None', '블루, 150', 'PHOTO', '5', 'RIGHT', '가볍고 봄 셔츠로 ...', 10131);
INSERT INTO public.product_review (id, creation_date, last_modified_date, best_review_yn, color_review, content, id_member, image_url, order_color, order_size, review_type, score, size_review, title, id_product) VALUES (10172, '2023-03-19 14:56:37.059000 +00:00', null, 'Y', 'SAME', '둘째아이랑 잘 어울리네요. 옷이 얇아서 초여름이나 봄에 입어야 할까 겉아요', 'kal*******', null, 'None', '핑크, 110', 'TEXT', '5', 'RIGHT', '둘째아이랑 잘 어울...', 10132);
INSERT INTO public.product_review (id, creation_date, last_modified_date, best_review_yn, color_review, content, id_member, image_url, order_color, order_size, review_type, score, size_review, title, id_product) VALUES (10173, '2023-03-07 14:56:37.059000 +00:00', null, 'Y', 'SAME', '초등학교   입학하는 조카에게 선물 포인트 사용으로 착한가격 에  구매', 'Ryu*****', 'https://nimg.lfmall.co.kr/file/WAS/reviewPath/2023/600/Ryum_a041eec508g3h2xgx3j8_0_4.jpg', 'None', '145', 'PHOTO', '5', 'RIGHT', '초등학교   입학하...', 10133);
INSERT INTO public.product_review (id, creation_date, last_modified_date, best_review_yn, color_review, content, id_member, image_url, order_color, order_size, review_type, score, size_review, title, id_product) VALUES (10174, '2023-03-09 14:56:37.059000 +00:00', null, 'Y', 'SAME', '이쁘고 저렴하게 잘 구매한것 같네요.\n배송도 빠르고 만족합니다.', 'exn****', 'https://nimg.lfmall.co.kr/file/WAS/reviewPath/2023/600/exnp_6823b9gf5f5y7b8e32ij.jpg', 'None', 'MINT, 110', 'PHOTO', '5', 'RIGHT', '이쁘고 저렴하게 잘...', 10134);
INSERT INTO public.product_review (id, creation_date, last_modified_date, best_review_yn, color_review, content, id_member, image_url, order_color, order_size, review_type, score, size_review, title, id_product) VALUES (10175, '2023-03-15 14:56:37.059000 +00:00', null, 'Y', 'SAME', '깨끗하게 너무 이쁘네요 140은 너무 딱맞아 다른 사이즈\n별로도 미리 주문했답니다. 애도 너무 좋아해요', 'yjs******', 'https://nimg.lfmall.co.kr/file/WAS/reviewPath/2023/600/cand_b013o0gu4jcbz11rf7gm.jpg', 'None', '화이트, 140', 'PHOTO', '5', 'RIGHT', '깨끗하게 너무 이쁘...', 10135);
INSERT INTO public.product_review (id, creation_date, last_modified_date, best_review_yn, color_review, content, id_member, image_url, order_color, order_size, review_type, score, size_review, title, id_product) VALUES (10176, '2023-03-13 14:56:37.059000 +00:00', null, 'Y', 'SAME', '요즘 날씨에 알맞은 아우터입니다. 색깔이 이쁘고 아이도 좋아합니다.', 'Chp*****', 'https://nimg.lfmall.co.kr/file/WAS/reviewPath/2023/600/Chpa_0k5z8h5b96r72g0pn266.jpeg', 'None', '120', 'PHOTO', '5', 'RIGHT', '요즘 날씨에 알맞은...', 10136);

